ngram,Frequency,Probability
के,1341448,0.019950205094273765
मे,963938,0.014335822781176805
ें,1119089,0.016643250479143234
की,813161,0.01209344583216401
को,688294,0.010236406081456803
ने,1143273,0.017002918360417736
है,912411,0.01356950592216129
ै.,443571,0.006596850883427541
से,672053,0.009994867623807979
और,374637,0.0055716546492323524
का,886160,0.013179097323445738
पर,410120,0.00609936286256609
कि,708921,0.010543173753762838
भी,277120,0.004121367981259912
ैं,328436,0.004884546818320873
ं.,230586,0.003429307727074184
इस,339027,0.005042057673869096
एक,210230,0.003126570405240586
कर,626834,0.009322364236305843
नह,159131,0.0023666188229859663
ही,442332,0.006578424299533267
ीं,206663,0.003073521474852472
लि,373664,0.005557184055100691
िए,225884,0.0033593789155561267
िय,534738,0.007952699449924085
या,878854,0.013070441454251581
बा,351009,0.005220255678890229
ाद,247383,0.003679115095655386
हो,325995,0.00484824391978502
कह,155475,0.0023122462719629934
हा,404985,0.006022994413577314
सा,382793,0.005692951839096512
ाथ,125126,0.0018608916354760669
तो,119985,0.0017844339536355026
रन,144047,0.002142287433590309
पु,143319,0.0021314605142400017
ुल,182012,0.0027069083032804525
िस,291544,0.0043358837569588615
था,167027,0.0024840492559393013
ा.,258030,0.0038374587911536337
गय,114559,0.0017037377113349964
रह,314091,0.004671205941837135
हे,144535,0.0021495450388690864
यह,100947,0.0015012981149113895
हु,216889,0.003225603998583577
ुए,70407,0.0010471028993092038
ले,439808,0.006540887013214344
ेक,157453,0.002341663368769186
िन,186444,0.002772821636468039
अप,156265,0.0023239952641151127
पन,158514,0.002357442711393741
उन,206844,0.003076213332548084
न्,186026,0.0027666050811267907
्ह,122339,0.0018194429758204254
ों,603353,0.008973151470832531
ंन,75404,0.0011214189927068502
सर,153857,0.0022881831462640955
रक,146278,0.002175467182313573
ार,970388,0.014431748096849174
ये,99112,0.00147400773440615
जा,373565,0.005555711713046185
दि,281464,0.004185972565954603
पह,123217,0.0018325007164654392
हल,87941,0.001307871036518396
तक,75076,0.001116540930142426
फि,116963,0.0017394903406181546
िल,394101,0.0058611260204334305
ल्,193824,0.0028825780441675847
्म,199522,0.0029673195090824914
थी,87429,0.0013002564998324654
ी.,149426,0.002222284685218474
अब,56374,0.000838402131118455
लो,156976,0.00233456935705202
ोग,147381,0.002191871154900646
गो,85477,0.001271226078717355
गई,71834,0.0010683254458928424
्ल,122248,0.001818089610901637
ली,224022,0.00333168698721784
ाल,398847,0.005931709206197936
वह,83796,0.0012462260080746807
कु,100252,0.0014909619762459175
ुछ,46003,0.0006841631468024672
ात,253198,0.0037655966011801638
नी,229085,0.0034069846419851574
सक,212870,0.003165832860027415
ोन,127729,0.0018996038210102022
पा,234342,0.0034851674922936277
र्,566697,0.008427998234974192
्ट,312822,0.00465233319368392
टी,133178,0.001980642122575897
कई,42119,0.0006263997474115409
थे,54738,0.0008140713068641925
े.,102768,0.001528380285429123
वा,484691,0.007208393361016339
जो,63911,0.00095049346510646
बी,126807,0.0018858917061187412
ीज,85324,0.0012689506409967548
जे,114297,0.0016998412101402428
ेप,60439,0.0008988573882049934
पी,146820,0.0021835278832584445
मो,83925,0.001248144514388128
ोद,45576,0.0006778127421835368
दी,188744,0.0028070275629868673
ोई,40065,0.0005958523678160305
नक,144181,0.0021442803006135797
मा,416912,0.0062003744507903875
ाम,287084,0.004269554003796263
मल,94899,0.0014113514003088348
सि,142931,0.002125690123157695
िं,144251,0.0021453213505511094
ंह,42033,0.0006251207432025759
ां,316291,0.004703924654159493
ंग,253820,0.0037748470734822125
ग्,98435,0.0014639392942960429
्र,765585,0.011385888806051058
रे,312335,0.0046450904605471076
ेस,103397,0.0015377348627249245
बत,77146,0.0011473262640093718
ता,515393,0.007664997863616807
ाय,244490,0.0036360899889514857
वो,60580,0.0009009543602220173
रत,177874,0.0026453673798304904
ते,223472,0.003323507309137251
भा,166869,0.0024816994575088775
जब,62484,0.0009292709185228215
गए,49294,0.0007331073660083215
चु,84439,0.001255788795357988
ुन,101722,0.0015128240249340384
ना,507730,0.007551032639741249
ाव,150232,0.0022342716316420285
दे,263670,0.0039213376718345875
ेश,179655,0.0026718546646696353
दौ,41447,0.000616405668011257
ौर,73590,0.0010944409271828699
रा,556359,0.00827425003134304
ान,616984,0.009175873637953469
सी,215671,0.0032074897296705627
तर,115338,0.001715323109925504
दो,100099,0.0014886865385253171
ुई,39230,0.0005834341292754991
खि,56827,0.0008451392114284678
ला,424012,0.006305966658739815
ाफ,74173,0.0011031113859482945
नो,111640,0.0016603259289400133
ीच,36394,0.000541256734663587
ुआ,46430,0.0006905135514213975
िर,179138,0.002664165767273881
उस,127922,0.0019024741444093908
ोर,111358,0.0016561319849059657
इन,60148,0.0008945295948932634
घर,33317,0.0004954951538381801
ंच,91748,0.0013644892809780396
शु,50253,0.0007473697501524766
ुर,149727,0.0022267611999498512
रू,77141,0.0011472519032995482
सभ,56433,0.0008392795874943728
वे,78709,0.0011705714219002105
ास,149776,0.0022274899349061217
मन,67265,0.001000374629256091
मै,52563,0.0007817243980909524
प्,285547,0.004246695521596506
रद,67517,0.0010041224090311975
ज्,74985,0.0011151875652236375
्य,396206,0.005892431879269141
दा,173380,0.002578531973841092
दर,74879,0.0011136111181753786
्ज,60899,0.0009056985735087592
सम,137382,0.0020431646073955294
मय,27002,0.0004015775773310484
सब,45786,0.0006809358919961255
बस,38238,0.0005686809644465087
ऐस,47124,0.000700834817944905
ई.,35706,0.0005310247009918678
मं,106843,0.0015889842639353086
ंत,134893,0.002006147846045371
त्,297646,0.00442663356722751
री,433579,0.006448248440916178
हम,100785,0.0014988888279131069
आर,83100,0.001235874997267244
रो,221087,0.003288037250551422
ोप,61201,0.000910189960382101
क्,363403,0.005404581006400821
अग,39644,0.0005895911960488883
गर,72547,0.0010789292831136792
ाक,126851,0.0018865460803651885
स्,402169,0.005981114461804696
्त,274965,0.004089318515325966
ेन,88026,0.001309135168585396
सस,35737,0.0005314857373927737
ेत,91680,0.0013634779753244396
रु,73058,0.001086528947657645
ुप,52887,0.0007865429720875178
पय,24339,0.0003619730632790307
शा,130126,0.0019352523452996074
मि,174575,0.0025963041834889183
आप,55398,0.0008238869205608999
नज,29578,0.00043988821503213645
जर,91046,0.0013540490373188145
फी,44486,0.000661602107442005
मह,82377,0.0012251224386267598
हि,123869,0.001842197353026429
कत,77188,0.0011479508939718896
मु,166340,0.002473832094409547
ुख,54007,0.0008031997710879909
ख्,53292,0.0007925661895832245
यम,40228,0.0005982765269562778
खा,100576,0.0014957805502424828
बह,45050,0.0006699899955101003
ुत,45634,0.0006786753264174898
ाज,177668,0.0026423037185857603
वज,31647,0.00047065867675711757
जह,42567,0.0006330624670117301
हत,93063,0.0013840461476616309
ती,196286,0.002919193257684696
ीन,103594,0.001540664674691972
ाब,102537,0.0015249448206352755
बि,82729,0.0012303574325983372
िक,268199,0.00398869360279275
रध,20536,0.00030541430738724576
धा,103622,0.0015410810946669838
नम,35851,0.0005331811615767504
ीय,66182,0.0009842680995083121
हर,94911,0.0014115298660124114
पि,64440,0.0009583608282057906
िछ,20104,0.00029898954205849184
छल,20805,0.0003094149135757522
गि,43745,0.0006505818502461563
रफ,37962,0.0005645762532642492
फ्,58714,0.0008732029433158719
मौ,50613,0.0007527237212597716
ौत,28295,0.00042080725689141595
ुम,38410,0.0005712389728644385
कम,54438,0.0008096096642747801
अभ,31348,0.00046621190630966985
घट,25934,0.0003856941297127401
टन,42755,0.0006358584297010952
वी,88682,0.0013188912937142445
ीड,43778,0.0006510726309309916
डि,78708,0.001170556549758246
यो,193248,0.002874011690395913
अल,39939,0.0005939784779284772
ंक,120497,0.001792048490321433
गा,199467,0.0029665015412744327
ंध,52378,0.0007789730518274814
धी,29561,0.00043963538861873644
आज,25515,0.0003794627022295274
ए.,49167,0.0007312186039788037
आन,20272,0.0003014880619085628
ओर,15698,0.0002334628845619879
मी,106415,0.0015826189871744134
ीब,36528,0.0005432496016868579
पू,98013,0.001457663250386936
ूर,125119,0.001860787530482314
सव,24570,0.00036540852807287824
रि,266205,0.003959038551715122
िव,96052,0.0014284989799941434
ीम,59305,0.0008819923792170144
ोत,43607,0.0006485294946550266
सन,41064,0.0006107096376387738
ूप,31778,0.0004726069273544943
बक,22059,0.0003280645795994962
्व,157706,0.0023454260206862572
जि,146084,0.0021725819867724197
ीस,35272,0.0005245701913791844
सद,49101,0.0007302370426091329
उत,32197,0.000478838354837707
ाख,26348,0.00039185119648612926
खु,40015,0.000595108760717795
ुद,44254,0.0006581517705061926
अध,50106,0.0007451835452836645
ध्,42541,0.0006326757913206476
यक,65418,0.0009729057830472752
्ष,132615,0.001972269106649766
ुझ,18015,0.0002679216374942166
झे,16022,0.00023828145855855334
िह,28747,0.00042752946505946403
दव,23711,0.000352633358125194
्फ,23276,0.00034616397637054596
ोश,34187,0.0005084339173474762
शि,69330,0.0010310856024132132
िश,90291,0.0013428205701354599
पक,45085,0.0006705105204788651
हन,53761,0.0007995412241646727
लग,106634,0.0015858759862646845
ीए,51518,0.0007661830097378324
एम,37609,0.0005593263871507073
ाह,149001,0.002215964024883473
बय,14715,0.00021884356901067983
चल,54717,0.0008137589918829337
सु,106765,0.0015878242368620613
षा,37077,0.0005514144076254826
आत,54640,0.0008126138369516511
तं,41929,0.0006235740404382463
पत,70950,0.0010551784723960404
ाए,87502,0.0013013421661958891
एग,31392,0.000466866280556117
वि,225377,0.00335183873958002
िध,39956,0.0005942313043418772
नस,32917,0.0004895462970522968
द्,128399,0.0019095681561265565
िप,46262,0.0006880150315713265
पो,46657,0.0006938895276473862
आग,20582,0.00030609842591762233
गे,83907,0.0012478768158327633
इल,35013,0.000520718306610325
कप,24130,0.0003588647856084067
आई,53562,0.0007965816679136958
चा,143776,0.002138257083117873
वक,31936,0.0004749567257849182
तौ,15313,0.00022773710990557527
जन,91293,0.0013577224563840974
नत,35703,0.0005309800845659736
ोक,44846,0.0006669560785492999
कस,26117,0.0003884157316922817
फै,36005,0.0005354714714393155
ैस,64626,0.0009611270466112263
सल,72880,0.001083881706387927
शो,40108,0.0005964918699205129
दू,46837,0.0006965665132010338
ूस,36274,0.000539472077627822
ेज,61283,0.000911409476023207
ीव,36031,0.0005358581471303979
बन,85728,0.0012749589863504968
जै,24103,0.00035846323777535957
नर,33324,0.0004955992588319331
ंद,164273,0.002443091376968495
अन,49626,0.0007380449171406047
जव,26393,0.0003925204428745411
ंव,23908,0.0003555631700922415
शे,29672,0.00044128619637681904
ेय,23304,0.0003465803963455578
यर,64041,0.0009524268435618721
आए,21405,0.0003183381987545771
लम,19629,0.0002919252746252555
ेल,79745,0.0011859789609756483
यू,66531,0.0009894584770539952
ुक,90720,0.0013492007190383196
ुं,53472,0.0007952431751368721
ंब,60454,0.0008990804703344641
बई,12177,0.00018109807270425064
ोध,29218,0.00043453424392484157
गी,87584,0.001302561681836995
रण,49726,0.0007395321313370754
आय,31958,0.0004752839129081418
आम,17704,0.0002632964013431924
बं,53995,0.0008030213053844144
अस,33662,0.0005006260428160044
्प,50996,0.0007584197516322548
तह,13377,0.00019894464306190039
सो,53289,0.0007925215731573304
शल,15235,0.00022657708283232804
तब,14367,0.00021366806360696141
दु,38902,0.0005785560667110749
नि,179749,0.002673252646014318
बै,43334,0.0006444693998986612
ैठ,20603,0.00030641074089888116
ठक,12698,0.00018884645866786356
मद,33203,0.0004937997296542033
दद,11740,0.00017459894666567322
कं,28848,0.00042903155139789953
ंप,45649,0.0006788984085469605
नए,13014,0.00019354605552871133
ीट,55879,0.0008310404208459244
षे,15746,0.00023417674737629388
्न,44463,0.0006612600481768167
लन,44726,0.0006651714215135349
नू,16845,0.0002505212313955081
ून,34107,0.0005072441459902995
जग,20567,0.0003058753437881517
गह,14980,0.0002227846866313275
ची,48480,0.0007210014424490492
रव,72495,0.0010781559317315143
ाई,106626,0.0015857570091289668
ाओ,45706,0.0006797461206389489
ओं,47427,0.0007053410769602115
तै,20136,0.0002994654506013625
ैय,23013,0.0003422526030338277
खब,16699,0.00024834989866866073
बर,73620,0.001094887091441811
ुब,15639,0.00023258542818607012
ट्,132192,0.0019659781905986945
ेम,31096,0.00046246412653456337
अम,36236,0.0005389069362331631
ेर,70903,0.001054479481723699
चर,22708,0.00033771659973459174
्च,69149,0.001028393744717601
ौक,21172,0.0003148729896768001
ौज,15873,0.00023606550940581181
जू,32945,0.0004899627170273087
ूद,23157,0.0003443941914767457
यत,23874,0.0003550575172654414
ंस,101481,0.0015092398387205436
बज,19671,0.00029254990458777325
ित,179301,0.0026665899264141286
कभ,8600,0.00012790042089648974
कश,11632,0.00017299275533348474
श्,85732,0.0012750184749183557
ीर,72607,0.0010798216116315617
इं,56987,0.000847518754142821
ंड,84305,0.001253795928334717
जी,89943,0.0013376450647317416
ीत,77268,0.0011491406653290662
लत,47658,0.0007087765417540591
ोम,20729,0.0003082846307864344
मव,9861,0.00014665419191398668
बल,36677,0.0005454655508395994
्क,87709,0.0013044206995825836
तच,8417,0.00012517881891694816
ोट,60191,0.0008951690969977458
ाष,36176,0.0005380146077152806
ष्,65745,0.0009777689734697347
रप,25074,0.00037290408762309115
ति,148982,0.0022156814541861437
फो,25597,0.0003806822178706335
धि,57102,0.0008492290504687625
गु,50873,0.0007565904781705957
ुज,20556,0.0003057117502265399
नई,8564,0.00012736502378576025
हज,15092,0.00022445036653137478
रख,37507,0.0005578094286703071
रम,45702,0.00067968663207109
बु,38060,0.0005660337231767907
ुध,12397,0.00018436994393648644
धव,11766,0.00017498562235675563
ोल,63160,0.0009393244864909642
ीछ,8405,0.00012500035321337167
छे,14293,0.00021256752510157302
बच,38208,0.0005682348001875675
च्,50702,0.0007540473418946305
चो,17387,0.0002585819323403799
तय,7662,0.00011395035173359354
हू,20097,0.0002988854370647389
ूं,23260,0.0003459260220991106
िख,42850,0.0006372712831877425
ीआ,18629,0.0002770531326605474
पे,43889,0.0006527234386890742
ूछ,16586,0.0002466693466266487
छत,9553,0.00014207357218885656
ाछ,7375,0.0001096820469897223
आद,25554,0.000380042715766151
दम,29312,0.0004359322252695241
आध,14661,0.0002180404733445856
जल,25428,0.00037816882587859784
्द,67175,0.0009990361364792674
सू,42083,0.0006258643503008114
ूत,22657,0.00033695812049439164
पं,19374,0.0002881328784242549
ंज,48536,0.0007218342823990729
ीश,14992,0.00022296315233490398
िभ,17718,0.00026350461133069827
ाग,59804,0.0008894135780574038
मर,43537,0.000647488444717497
्थ,80832,0.001202144979291286
थन,9100,0.0001353364918788438
तस,14093,0.0002095930967086314
आ.,7171,0.00010664813002892186
कू,17070,0.00025386746333756744
ूल,26539,0.0003946917756013885
घा,16690,0.00024821604939097834
यल,19822,0.00029479559802444413
्श,31058,0.00046189898513990447
शन,68421,0.0010175668253672935
खत,25572,0.00038031041432151576
गत,25559,0.00038011707647597455
गल,41632,0.0006191570142747281
लव,23699,0.0003524548924216175
ेख,45246,0.0006729049353351831
खन,26717,0.0003973390168711066
्स,117276,0.0017441453210531083
ुव,30345,0.0004512951479190676
नव,31838,0.0004734992558723768
पद,14710,0.0002187692083008563
शर,28435,0.0004228893567664751
टो,29276,0.00043539682815879464
सज,9132,0.00013581240042171447
सं,137079,0.002038658348380223
गठ,17302,0.0002573178002733797
ठन,11643,0.0001731563488950965
बे,64986,0.0009664810177185212
ेह,31358,0.0004663606277293169
हद,9306,0.00013840015312357367
चे,37576,0.0005588356064658719
दल,38536,0.0005731128627519917
ेट,82946,0.0012335846874046788
लह,10471,0.0001557261985124586
गौ,10773,0.00016021758538580048
तल,22055,0.00032800509103163733
लब,16698,0.000248335026526696
ूच,12497,0.00018585715813295724
चन,22810,0.000339233558214992
कै,42037,0.0006251802317704348
कद,13168,0.00019583636539127639
टर,74087,0.0011018323817393297
अख,10717,0.00015938474543577682
जय,23099,0.0003435316072427926
अद,9166,0.00013631805324851453
थि,31573,0.00046955813825172915
गृ,7909,0.00011762377079887644
ृह,8061,0.00011988433637751207
टे,73839,0.0010981440905320822
यु,35285,0.0005247635292247256
नय,11036,0.0001641289587225187
अह,11135,0.0001656013007770248
ाण,22634,0.0003366160612292034
णा,20753,0.0003086415621935874
ंख,11866,0.00017647283655322643
ाप,45932,0.0006831072247229729
पस,22100,0.00032867433742004925
लय,17480,0.00025996504154309776
ोज,38358,0.0005704656214822737
शख,6291,9.356064509997872e-05
घं,7576,0.00011267134752462864
ंट,78813,0.0011721181246645402
उम,23355,0.0003473388755857579
म्,58732,0.0008734706418712367
ीद,29354,0.00043655685523204187
गं,12361,0.00018383454682575695
ंभ,17668,0.0002627610042324629
अं,43826,0.0006517864937452976
गू,9399,0.00013978326232629153
मई,5757,8.561892129082459e-05
जप,11303,0.00016809982062709577
ठी,12911,0.0001920142249063464
ीक,49895,0.0007420455233291112
नं,14434,0.00021466449711859685
जम,27996,0.00041636048644396823
जट,6173,9.180573234814317e-05
तम,15089,0.00022440575010548066
इत,14328,0.0002130880500703378
तन,35314,0.0005251948213417022
मध,9256,0.00013765654602533825
अच,17232,0.00025627675033585014
्छ,17413,0.0002589686080314623
छा,34258,0.0005094898394269704
शव,8378,0.00012459880538032454
बो,32176,0.0004785260398564481
्ड,35716,0.0005311734224115149
जध,5407,8.041367160317675e-05
जस,13769,0.00020477452271206597
सह,25286,0.00037605698171960924
शह,18445,0.0002743166585390411
रल,17388,0.0002585968044823446
ाश,36974,0.0005498825770031176
ाच,18874,0.00028069680744190087
चि,42940,0.0006386097759645662
ुस,34569,0.0005141150755779946
िम,51168,0.0007609777600501846
यं,14240,0.00021177930157744348
भर,27479,0.00040867158904821417
अर,22657,0.00033695812049439164
शू,8077,0.0001201222906489474
ूट,24589,0.0003656910987702077
टि,57319,0.0008524563052751042
ोस,32458,0.0004827199838904958
व्,33646,0.0005003880885445691
फे,22350,0.00033239237291122624
िग,28001,0.00041643484715379176
फर,27837,0.00041399581587157967
वर,87186,0.0012966425693350413
िष,18767,0.0002791054882516771
्ठ,10799,0.0001606042610768829
िट,45531,0.000677143495795125
कट,16692,0.00024824579367490777
घो,13824,0.00020559249052012492
ोष,21734,0.00032323113346096607
षण,23310,0.00034666962919734605
हच,5382,8.004186805405904e-05
भि,18386,0.0002734392021631233
ठब,6148,9.143392879902546e-05
धन,20957,0.00031167547915438785
लू,18633,0.0002771126212284062
दग,9135,0.0001358570168476086
ो.,6811,0.00010129415892162694
ऐल,4727,7.030061506717524e-05
वं,14330,0.0002131177943542672
नन,17875,0.00026583953761915744
िद,36483,0.000542580355298446
रै,20445,0.0003040609424684573
ैल,22576,0.00033575347699525026
सत,22838,0.0003396499781900038
गभ,4611,6.85754465992691e-05
भग,9216,0.00013706166034674995
भू,16370,0.00024345696396227176
ूम,18960,0.0002819758116508658
लक,24374,0.00036249358824779545
दस,22436,0.00033367137712019115
भे,15194,0.00022596732501177502
नग,12576,0.0001870320573481692
षी,13707,0.00020385244991025407
रश,12880,0.00019155318850544046
छी,6001,8.924772393021336e-05
ीप,29895,0.00044460268403494896
रस,37416,0.0005564560637515186
कौ,7555,0.00011235903254336977
ौन,9334,0.0001388165730985855
नु,30703,0.0004566193747424331
मग,6770,0.0001006844011010739
ोब,14754,0.00021942358254730345
ाइ,83797,0.0012462408802166455
टब,5004,7.442019839139939e-05
हफ,5824,8.661535480246003e-05
रं,25202,0.00037480772179457377
ेष,8294,0.00012334954545528906
मक,25620,0.00038102427713582177
िज,46045,0.0006847877767649849
ील,36528,0.0005432496016868579
सप,32206,0.0004789722041153894
शत,7009,0.00010423884303063914
मत,33473,0.0004978152079846746
लख,5225,7.770694176559988e-05
नऊ,4063,6.042551280260905e-05
बद,27458,0.0004083592740669553
जु,24404,0.0003629397525067367
ेव,33675,0.0005008193806615456
वल,11797,0.00017544665875766157
यव,11523,0.00017137169185933154
वस,21820,0.000324510137669931
एव,4898,7.284375134314033e-05
धम,8821,0.00013118716427069023
एज,10619,0.00015792727552323542
छह,3934,5.85070064891617e-05
यस,7592,0.00011290930179606397
गस,4802,7.141602571452835e-05
पै,22604,0.0003361698969702621
फा,41336,0.0006147548602531744
ैच,6331,9.415553077856704e-05
नट,5261,7.824233887632937e-05
तभ,4699,6.988419509216341e-05
गै,12191,0.00018130628269175656
गन,15430,0.00022947715051544612
खे,28962,0.0004307269755818763
मज,17696,0.0002631774242074747
बू,19692,0.0002928622195690321
ंघ,9621,0.0001430848778424567
रअ,3963,5.893829860613824e-05
खी,14481,0.00021536348779093814
यद,15541,0.00023112795827352872
ऊप,3855,5.7332107273949766e-05
षि,20646,0.00030705024300336364
टै,9795,0.00014567263054431594
ैक,21725,0.0003230972841832837
आख,8149,0.00012119308487040639
रभ,12212,0.00018161859767301544
अक,17922,0.00026653852829149874
षय,5740,8.536609487742454e-05
खर,17983,0.00026744572895134595
ईक,4327,6.435175828129199e-05
खक,6734,0.00010014900399034441
ैद,15528,0.00023093462042798752
ैन,31409,0.000467119106969517
तृ,5891,8.761178831409548e-05
ृत,19099,0.00028404303938396017
वै,20085,0.0002987069713611624
ुश,22358,0.0003325113500469439
एं,43654,0.0006492284853273678
वत,17571,0.0002613184064618862
आं,11998,0.0001784359592925679
णब,4135,6.149630702406803e-05
कव,14034,0.0002087156403327136
पट,14364,0.0002136234471810673
ेड,29836,0.0004437252276590312
कल,41153,0.0006120332582736328
िच,9728,0.0001446761970326805
सच,12642,0.00018801361871783993
नल,18160,0.0002700780980790993
कथ,4321,6.426252542950374e-05
मस,22348,0.0003323626286272968
तज,4867,7.238271494223437e-05
नौ,14473,0.00021524451065522046
पश,5869,8.728460119087189e-05
लर,14504,0.00021570554705612643
ाउ,20970,0.00031186881699992906
ैब,5701,8.478608134080093e-05
मम,4961,7.378069628691693e-05
तु,16045,0.00023862351782374163
खू,8989,0.00013368568412076119
ूब,16039,0.00023853428497195336
लु,11041,0.00016420331943234223
ाभ,9110,0.00013548521329849087
वन,24622,0.00036618187945504306
ूज,14584,0.00021689531841330306
डर,17672,0.0002628204928003217
डा,36261,0.0005392787397822808
पए,3241,4.8200612107618985e-05
रच,7711,0.00011467908668986424
ौस,4729,7.033035935110464e-05
थ्,5845,8.69276697837189e-05
जत,13875,0.00020635096976032502
तथ,4139,6.155579559192687e-05
आस,13404,0.0001993461908949475
टा,61292,0.0009115433253008894
अव,10733,0.00015962269970721214
ैध,4530,6.737080310012774e-05
ेद,24136,0.00035895401846019494
लं,19004,0.0002826301858973129
यौ,3793,5.641003447213786e-05
ीख,8951,0.00013312054272610229
रय,6636,9.869153407780301e-05
आव,12000,0.00017846570357649732
ंय,4468,6.644873029831584e-05
टल,14716,0.00021885844115264455
आश,10145,0.00015087788023196376
शं,8726,0.00012977431078404296
णव,4803,7.143089785649305e-05
धर,14815,0.00022033078320715064
ाट,26567,0.00039510819557640037
टक,18986,0.0002823624873419482
भ्,5214,7.754334820398809e-05
रष,3388,5.0386816976431074e-05
ेब,16763,0.00024930171575440204
इट,14747,0.0002193194775535505
नद,8749,0.00013011637004923125
ेग,36052,0.0005361704621116568
ीफ,13277,0.00019745742886542958
दक,9012,0.00013402774338594947
िण,7249,0.00010780815710216909
कन,18324,0.0002725171293613114
अज,9786,0.00014553878126663357
छो,6798,0.00010110082107608573
दब,9425,0.00014016993801737395
टू,11748,0.00017471792380139087
उप,19976,0.0002970859078870092
पल,14398,0.00021412910000786735
ब्,54026,0.0008034823417853203
्ध,28109,0.00041804103848598026
ुफ,5765,8.573789842654225e-05
सफ,13630,0.00020270729497897153
मृ,9097,0.00013529187545294967
ाध,34844,0.0005182049146182894
टफ,4294,6.386097759645663e-05
ुण,8990,0.0001337005562627259
मू,20706,0.00030794257152124614
वप,5486,8.158857081838868e-05
्ण,15259,0.00022693401423948105
उं,11705,0.0001740784216969084
यन,18103,0.0002692303859871109
आठ,3093,4.5999535096842186e-05
ठे,6093,9.061596099096652e-05
फल,8301,0.00012345365044904202
ोह,28440,0.00042296371747629864
मश,6101,9.073493812668418e-05
ोड,12986,0.0001931296355536995
शक,17147,0.00025501261826884995
आल,8147,0.00012116334058647697
ड्,21946,0.00032638402755748416
इव,9096,0.00013527700331098498
हौ,4254,6.32660919178683e-05
ौल,6796,0.00010107107679215631
आक,7107,0.00010569631294318054
तद,4506,6.701387169297474e-05
मझ,10119,0.00015049120454088135
रर,5232,7.781104675935282e-05
भल,3895,5.7926992952538085e-05
शी,31213,0.0004642041671444342
ोए,3375,5.019347913088987e-05
एड,8015,0.0001192002178471355
शप,3448,5.127914549431356e-05
पथ,4014,5.969677784633835e-05
हथ,4478,6.659745171796292e-05
ठा,25574,0.0003803401586054452
डे,34012,0.0005058312925036523
ोच,13057,0.00019418555763319378
भट,4130,6.142194631424449e-05
दन,16154,0.0002402445812978948
हस,12375,0.00018404275681326287
ऐप,3622,5.3866898196172775e-05
ेए,3651,5.429819031314931e-05
एन,21908,0.00032581888616282527
इम,14868,0.00022111900673128017
झा,13167,0.00019582149324931167
खं,6829,0.00010156185747699169
मच,9905,0.00014730856616043382
रज,16226,0.0002413153755193538
डी,42355,0.000629909572915212
डस,4193,6.235889125802111e-05
यप,9360,0.00013920324878966792
बम,3129,4.653493220757167e-05
ुष,14254,0.0002119875115649494
एस,42389,0.000630415225742012
सट,5914,8.795384757928377e-05
ंश,9661,0.00014367976352104504
उठ,15998,0.00023792452715140034
ीध,4211,6.262658981338586e-05
धे,7806,0.00011609194017651151
दत,5822,8.658561051853061e-05
चौ,12768,0.00018988750860539315
ौध,2571,3.823627699126455e-05
टु,2843,4.228149960566516e-05
ुड,6006,8.93220846400369e-05
गव,9969,0.00014826038324617516
ाऊ,3589,5.3376117511337404e-05
ऊद,2685,3.9931701175241276e-05
णन,3889,5.783776010074984e-05
ूष,4404,6.549691321257451e-05
अश,5467,8.130600012105923e-05
जज,3521,5.2364811857737256e-05
ाझ,3124,4.646057149774813e-05
ैम,11916,0.00017721644365146185
पण,3842,5.7138769428408554e-05
णी,10677,0.00015878985975718848
भव,9250,0.00013756731317355
हय,4616,6.864980730909264e-05
जं,4983,7.41078834101405e-05
इक,11720,0.00017430150382637905
एफ,9813,0.00014594032909968067
फआ,2253,3.350693584648737e-05
ईआ,3103,4.614825651648926e-05
ूह,4362,6.487228325005678e-05
सई,3202,4.762059857099537e-05
ईद,3128,4.652006006560697e-05
गम,4621,6.872416801891618e-05
थो,3247,4.828984495940723e-05
दफ,2984,4.4378471622688996e-05
वट,3223,4.793291355225424e-05
टम,10159,0.00015108609021946968
अय,2967,4.412564520928896e-05
एय,7275,0.0001081948327932515
नड,4290,6.380148902859779e-05
इफ,3774,5.6127463774808406e-05
ीष,4250,6.320660335000947e-05
ओव,4598,6.838210875372789e-05
्ग,13095,0.0001947506990278527
सै,14114,0.00020990541168989027
ऋष,2088,3.105303242231053e-05
्ञ,9463,0.00014073507941203284
ञा,7508,0.00011166004187102849
कब,9602,0.00014280230714512726
्भ,7343,0.00010920613844685165
भय,3536,5.258789398720787e-05
हव,9198,0.00013679396179138518
जौ,2663,3.96045140520177e-05
ौह,4197,6.241837982587993e-05
आब,2468,3.670444636889961e-05
धू,4989,7.419711626192876e-05
उच,4016,5.972652213026777e-05
ुट,17049,0.00025355514835630856
ैर,15574,0.0002316187389583641
इज,8699,0.00012937276295099586
णय,1989,2.958069036780443e-05
शभ,2333,3.469670720366402e-05
नआ,3285,4.885498635406614e-05
ईए,11055,0.00016441152941984815
वव,3846,5.719825799626739e-05
षद,3365,5.0044757711242786e-05
अफ,10118,0.00015047633239891666
फस,5203,7.737975464237629e-05
चै,6837,0.00010168083461270935
यब,2827,4.2043545334229824e-05
रए,3641,5.4149468893502225e-05
सए,7112,0.00010577067365300408
हट,8150,0.00012120795701237109
ऐश,1932,2.8732978275816066e-05
दश,4274,6.356353475716246e-05
यय,2036,3.027968104014571e-05
लच,3778,5.618695234266724e-05
चस,3189,4.7427260725454164e-05
फग,2055,3.056225173747517e-05
ैफ,4376,6.508049323756268e-05
हं,7145,0.00010626145433783945
थक,4259,6.334045262769184e-05
सआ,5182,7.706743966111742e-05
लौ,6449,9.59104435304026e-05
ौट,6325,9.406629792677879e-05
रब,10152,0.00015098198522571672
उल,5123,7.618998328519964e-05
घन,3158,4.696622432454821e-05
सख,2663,3.96045140520177e-05
भो,5113,7.604126186555257e-05
शब,4454,6.624052031080992e-05
पष,1901,2.8271941874910118e-05
उर,4243,6.310249835625651e-05
ईं,8254,0.00012275465977670073
घु,7653,0.00011381650245591117
ैश,8387,0.0001247326546580069
िब,9266,0.00013780526744498533
बध,2031,3.020532033032217e-05
ाड,5408,8.042854374514145e-05
डु,3643,5.4179213177431644e-05
ढे,2277,3.3863867253640366e-05
इब,4066,6.047012922850317e-05
षो,3932,5.847726220523229e-05
तत,5342,7.944698237547072e-05
ूग,1742,2.5907271302521526e-05
थव,2040,3.0339169608004543e-05
फु,4526,6.73113145322689e-05
भु,5179,7.70228232352233e-05
ुग,7195,0.00010700506143607485
नप,8454,0.00012572908816964237
ूव,2969,4.415538949321838e-05
छू,2938,4.3694353092312427e-05
लल,3065,4.5583115121830357e-05
उथ,1793,2.666575054272164e-05
ुह,6000,8.923285178824866e-05
खो,13031,0.00019379888194211137
लै,11812,0.0001756697408871322
ैट,7628,0.00011344469890679346
धो,6078,9.039287886149589e-05
कृ,10964,0.00016305816450105972
ृष,6348,9.440835719196708e-05
इग,1635,2.431595211229776e-05
डो,8344,0.00012409315255352448
कज,2876,4.277228029050052e-05
गण,3754,5.5830020935514247e-05
णे,3866,5.749570083556155e-05
जक,6931,0.00010307881595739191
णु,2495,3.710599420194673e-05
ीण,3367,5.0074501995172205e-05
ीठ,2084,3.09935438544517e-05
अत,5295,7.874799170312944e-05
झस,1406,2.0910231602379603e-05
हक,8450,0.00012566959960178353
ुभ,5796,8.61989348274482e-05
बग,4104,6.103527062316208e-05
गद,5564,8.274859789163593e-05
ईर,2754,4.0957878970806134e-05
्ख,3474,5.1665821185395976e-05
सौ,10756,0.00015996475897240043
ौं,6631,9.861717336797947e-05
पठ,1652,2.4568778525697796e-05
गज,5333,7.931313309778834e-05
षक,5806,8.634765624709529e-05
रठ,1393,2.0716893756838398e-05
फं,6259,9.308473655710806e-05
यड,1954,2.9060165399039645e-05
डू,3606,5.362894392473744e-05
एश,3815,5.673722159536144e-05
डक,5583,8.303116858896538e-05
हब,3952,5.877470504452645e-05
नश,6005,8.93072124980722e-05
आड,1338,1.989892594877945e-05
डव,3452,5.13386340621724e-05
लद,3672,5.461050529440818e-05
फौ,2546,3.7864473442146844e-05
छव,1291,1.919993527643817e-05
झौ,2451,3.6451619955499576e-05
यी,7003,0.0001041496101788509
ोव,6590,9.800741554742644e-05
ऐत,1552,2.3081564329226986e-05
टौ,1365,2.0300473781826568e-05
एट,4319,6.423278114557432e-05
ोण,1701,2.5297513481968495e-05
अट,4285,6.372712831877425e-05
आउ,2589,3.85039755466293e-05
उट,2826,4.202867319226512e-05
णस,1283,1.9080958140720505e-05
हण,2238,3.328385371701675e-05
टव,4128,6.139220203031508e-05
वध,4350,6.469381754648027e-05
्घ,3484,5.181454260504305e-05
उद,8146,0.00012114846844451227
ोफ,3284,4.884011421210143e-05
जफ,3630,5.398587533189044e-05
थल,3886,5.779314367485571e-05
इड,4748,7.061293004843411e-05
षम,3183,4.733802787366591e-05
पम,6192,9.208830304547262e-05
थड,1216,1.8084524629085063e-05
झट,1902,2.8286814016874824e-05
नब,4093,6.087167706155029e-05
छु,4668,6.942315869125746e-05
यि,4046,6.017268638920901e-05
जश,2596,3.860808054038225e-05
ईट,2802,4.167174178511212e-05
एए,3349,4.980680343980746e-05
आइ,4592,6.829287590193965e-05
इए,2278,3.3878739395605076e-05
एप,3718,5.529462382478475e-05
पड,1948,2.8970932547251397e-05
धप,1207,1.795067535140269e-05
धक,4317,6.42030368616449e-05
ठि,5002,7.439045410746997e-05
पब,2996,4.45569373262655e-05
ूक,5638,8.384913639702432e-05
लश,1997,2.9699667503522096e-05
वृ,2434,3.619879354209954e-05
ृद,2209,3.285256160004021e-05
चक,7136,0.00010612760506015707
इश,3988,5.931010215525594e-05
लफ,2184,3.248075805092251e-05
चप,2965,4.409590092535955e-05
ोय,3314,4.9286278471042675e-05
ृण,1265,1.8813259585355758e-05
णम,1402,2.085074303452077e-05
जख,1554,2.3111308613156402e-05
जद,6163,9.165701092849608e-05
ंर,2117,3.1484324539287065e-05
नै,4209,6.259684552945644e-05
ैत,2918,4.339691025301827e-05
खप,1804,2.682934410433343e-05
ओम,1971,2.9312991812439685e-05
यण,2728,4.0571203279723724e-05
इर,4352,6.47235618304097e-05
णो,3958,5.88639378963147e-05
फव,1835,2.7290380505239382e-05
बृ,1435,2.1341523719356136e-05
ृज,1378,2.0493811627367777e-05
लट,5593,8.317989000861246e-05
लस,5244,7.798951246292933e-05
ेठ,1588,2.361696143995648e-05
ओब,1855,2.7587823344533545e-05
बव,1505,2.2382573656885707e-05
पव,3156,4.693648004061879e-05
ौद,2993,4.451232090037137e-05
कच,2074,3.084482243480462e-05
ैग,4603,6.845646946355143e-05
ओड,1138,1.6924497555837828e-05
ईड,2623,3.900962837342937e-05
ैप,5863,8.719536833908365e-05
ेच,5734,8.52768620256363e-05
धत,2044,3.0398658175863375e-05
ौथ,2365,3.517261574653468e-05
ढं,1029,1.5303434081684645e-05
िफ,10033,0.00014921220033191647
डम,3869,5.7540317261455674e-05
ेण,1413,2.101433659613256e-05
कक,2378,3.5365953592075886e-05
वग,1629,2.422671926050951e-05
औस,1156,1.7192196111202575e-05
इच,1727,2.5684189173050905e-05
झू,2370,3.524697645635822e-05
ूठ,2597,3.862295268234696e-05
ह्,4271,6.351891833126834e-05
ईप,3337,4.962833773623096e-05
घे,3746,5.5711043799796576e-05
ूड,5154,7.665101968610559e-05
डल,7469,0.00011108002833440488
ूध,1043,1.551164406919056e-05
उध,1495,2.2233852237238624e-05
शश,1361,2.0240985213967736e-05
चं,7380,0.00010975640769954585
रग,6775,0.00010075876181089745
चय,2002,2.9774028213345634e-05
ु.,923,1.3726987033425586e-05
पच,3990,5.933984643918536e-05
गड,1511,2.2471806508673955e-05
ओल,2651,3.94260483484412e-05
टप,1486,2.210000295955625e-05
ढा,3233,4.808163497190132e-05
ठह,2161,3.213869878573422e-05
ीई,1096,1.6299867593320087e-05
ईओ,1087,1.6166018315637714e-05
थर,4230,6.29091605107153e-05
दं,4825,7.175808497971662e-05
ूझ,1619,2.4077997840862428e-05
षत,2066,3.0725845299086954e-05
..,16233,0.00024141948051310675
कअ,1629,2.422671926050951e-05
मण,4587,6.82185151921161e-05
मथ,1098,1.6329611877249503e-05
थु,1210,1.7995291777296812e-05
खट,1804,2.682934410433343e-05
शद,1369,2.0359962349685403e-05
्ब,11997,0.0001784210871506032
गप,2171,3.2287420205381305e-05
ईज,1770,2.6323691277533353e-05
षर,1191,1.771272107996736e-05
ुच,3085,4.5880557961124516e-05
वच,2272,3.3789506543816825e-05
दह,3176,4.723392287991296e-05
हश,1327,1.9735332387167662e-05
उज,1745,2.5951887728415652e-05
षज,1432,2.1296907293462014e-05
ञो,743,1.1050001479778125e-05
दय,4283,6.369738403484483e-05
नफ,1064,1.582395905044943e-05
ुओ,3577,5.319765180776091e-05
लझ,2459,3.657059709121724e-05
झं,1774,2.6383179845392188e-05
ौश,1354,2.013688022021478e-05
कय,1564,2.3260030032803485e-05
दख,1008,1.4991119100425774e-05
खल,3739,5.560693880604362e-05
ईश,1727,2.5684189173050905e-05
पप,1268,1.8857876011249884e-05
वश,3325,4.944987203265447e-05
रथ,2302,3.423567080275807e-05
थम,3871,5.7570061545385094e-05
झल,897,1.3340311342343174e-05
एर,1377,2.0478939485403067e-05
अड,1459,2.1698455126509134e-05
शौ,2397,3.564852428940534e-05
ौच,1180,1.754912751835557e-05
भं,2002,2.9774028213345634e-05
ाठ,4472,6.650821886617466e-05
थग,838,1.2462854966425395e-05
एह,1201,1.786144249961444e-05
रट,2470,3.673419065282903e-05
चू,2665,3.963425833594711e-05
ूख,2802,4.167174178511212e-05
फट,1570,2.3349262884591733e-05
इय,2426,3.6079816406381875e-05
छन,1167,1.7355789672814364e-05
धु,6391,9.504785929644953e-05
ईस,3167,4.7100073602230586e-05
डब,2935,4.3649736666418304e-05
ऊर,689,1.0246905813683888e-05
ठग,1612,2.3973892847109474e-05
खौ,1747,2.5981632012345068e-05
ौफ,1672,2.486622136499196e-05
फन,2955,4.3947179505712464e-05
बब,1945,2.8926316121357275e-05
फू,2958,4.3991795931606586e-05
िड,7197,0.00010703480572000427
ोझ,784,1.1659759300331158e-05
तफ,1226,1.8233246048732143e-05
यज,1502,2.233795723099158e-05
ओप,2106,3.132073097767528e-05
ै।,625,9.295088727942569e-06
एल,9331,0.00013877195667269136
ईव,1380,2.0523555911297193e-05
दभ,805,1.1972074281590029e-05
टड,1246,1.8530688888026305e-05
ठो,1681,2.5000070642674332e-05
आह,2052,3.051763531158104e-05
तव,4492,6.680566170546883e-05
मघ,630,9.369449437766108e-06
कठ,1792,2.665087840075693e-05
चव,1933,2.8747850417780776e-05
झत,1283,1.9080958140720505e-05
ोथ,789,1.1734120010154698e-05
झन,1386,2.061278876308544e-05
वम,2198,3.2688968038428425e-05
घम,915,1.360800989770792e-05
णत,673,1.0008951542248558e-05
वु,1461,2.172819941043855e-05
ेओ,592,8.8043080431072e-06
ेफ,3087,4.5910302245053935e-05
ऊं,2574,3.8280893417158674e-05
ूआ,1175,1.7474766808532028e-05
णद,609,9.05713445650724e-06
तू,4239,6.304300978839767e-05
ूफ,1411,2.098459231220314e-05
ुघ,542,8.060700944871796e-06
घ्,914,1.3593137755743212e-05
लड,1507,2.2412317940815123e-05
वय,2647,3.9366559780582363e-05
ीओ,2014,2.9952493916922133e-05
ूथ,1177,1.7504511092461444e-05
मछ,1138,1.6924497555837828e-05
यट,1870,2.7810905474004166e-05
ीः,1160,1.7251684679061407e-05
ंझ,999,1.4857269822743401e-05
झी,1286,1.912557456661463e-05
औप,677,1.006844011010739e-05
सग,1310,1.9482505973767625e-05
छप,1112,1.6537821864755418e-05
लज,2433,3.618392140013483e-05
ेआ,1914,2.8465279720451323e-05
घू,2281,3.39233558214992e-05
ोख,2317,3.445875293222869e-05
आच,955,1.4202895576296246e-05
फड,832,1.2373622114637147e-05
डण,511,7.599664543965844e-06
नष,483,7.183244568954017e-06
ऋत,836,1.243311068249598e-05
छि,3151,4.686211933079525e-05
ीग,2072,3.0815078150875205e-05
ीह,1508,2.242719008277983e-05
ण्,1686,2.5074431352497873e-05
रौ,2066,3.0725845299086954e-05
ऐड,563,8.373015926130666e-06
नभ,906,1.3474160620025547e-05
ओक,580,8.625842339530703e-06
ईय,1102,1.6389100445108338e-05
चत,4205,6.25373569615976e-05
ैज,2107,3.133560311963999e-05
डन,3442,5.1189912642525315e-05
शम,1995,2.966992321959268e-05
ोभ,1330,1.9779948813061784e-05
ईम,1610,2.3944148563180058e-05
औद,442,6.573486748400984e-06
भत,1428,2.123741872560318e-05
ंफ,1837,2.7320124789168798e-05
इध,437,6.499126038577444e-06
उब,942,1.4009557730755039e-05
ठं,948,1.4098790582543288e-05
खफ,425,6.320660335000946e-06
ेध,693,1.030639438154272e-05
ाघ,1862,2.76919283382865e-05
भै,942,1.4009557730755039e-05
लप,3730,5.547308952836125e-05
दै,558,8.298655216307125e-06
खद,987,1.4678804119166904e-05
एच,3223,4.793291355225424e-05
चड,1269,1.887274815321459e-05
मप,4030,5.9934732117773685e-05
ुअ,1916,2.849502400438074e-05
सऐ,421,6.261171767142114e-06
बट,2439,3.627315425192308e-05
ौम,891,1.3251078490554926e-05
सऊ,404,6.0083453537420765e-06
तट,743,1.1050001479778125e-05
भक,2155,3.204946593394598e-05
ेथ,621,9.235600160083737e-06
ंछ,835,1.2418238540531271e-05
ंथ,2585,3.8444486978770466e-05
टच,503,7.480687408248179e-06
षव,508,7.55504811807172e-06
लभ,1354,2.013688022021478e-05
ैड,2132,3.170740666875769e-05
आभ,781,1.1615142874437033e-05
ठत,1346,2.0017903084497115e-05
हृ,459,6.826313161801022e-06
खभ,422,6.276043909106822e-06
कग,764,1.1362316461036996e-05
कफ,1183,1.7593743944249695e-05
जभ,658,9.785869412777936e-06
टस,990,1.472342054506103e-05
पृ,935,1.3905452737002083e-05
ृथ,535,7.956595951118838e-06
एब,1143,1.699885826566137e-05
जड,394,5.859623934094995e-06
भप,367,5.458076101047876e-06
र.,3183,4.733802787366591e-05
लओ,412,6.127322489459741e-06
ओस,684,1.0172545103860347e-05
बख,935,1.3905452737002083e-05
पभ,608,9.042262314542531e-06
ठभ,350,5.205249687647838e-06
उग,1787,2.6576517690933393e-05
सश,975,1.4500338415590407e-05
शस,631,9.384321579730818e-06
दप,1051,1.5630621204908224e-05
यश,2228,3.313513229736967e-05
ठु,950,1.4128534866472704e-05
उछ,754,1.1213595041389914e-05
फज,1105,1.643371687100246e-05
ैव,1718,2.5550339895368532e-05
मए,2625,3.9039372657358785e-05
लथ,351,5.220121829612547e-06
थप,646,9.60740370920144e-06
शै,1921,2.8569384714204277e-05
णि,3632,5.401561961581985e-05
टत,2211,3.288230588396963e-05
ोइ,1610,2.3944148563180058e-05
छठ,1058,1.573472619866118e-05
टं,1010,1.502086338435519e-05
एअ,370,5.502692526942001e-06
टअ,468,6.9601624394833954e-06
रघ,1541,2.2917970767615197e-05
ओख,362,5.383715391224336e-06
िठ,1180,1.754912751835557e-05
ऊन,454,6.751952451977481e-06
ुय,703,1.0455115801189802e-05
तख,732,1.0886407918166336e-05
ऐं,537,7.986340235048254e-06
कआ,450,6.6924638841186496e-06
रृ,470,6.989906723412811e-06
ृं,654,9.726380844919103e-06
खज,812,1.2076179275342985e-05
तई,390,5.8001353662361624e-06
उभ,1445,2.149024513900322e-05
मट,1120,1.665679900047308e-05
टइ,300,4.461642589412433e-06
ूए,1540,2.290309862565049e-05
मभ,536,7.971468093083546e-06
घल,353,5.249866113541963e-06
झक,1038,1.543728335936702e-05
यभ,437,6.499126038577444e-06
ढू,810,1.2046434991413569e-05
ंढ,852,1.267106495393131e-05
ंम,488,7.257605278777557e-06
गश,776,1.1540782164613493e-05
रड,1197,1.7801953931755607e-05
धं,757,1.1258211467284038e-05
थ.,329,4.892934706388968e-06
धल,417,6.201683199283282e-06
जघ,537,7.986340235048254e-06
झु,1765,2.6249330567709814e-05
ढन,359,5.339098965330211e-06
ेः,340,5.0565282680007575e-06
दृ,1284,1.909583028268521e-05
भन,689,1.0246905813683888e-05
स.,1617,2.4048253556933012e-05
गफ,593,8.819180185071909e-06
अथ,479,7.123756001095185e-06
्ढ,631,9.384321579730818e-06
फब,476,7.07913957520106e-06
चम,2501,3.7195227053734984e-05
वण,614,9.13149516633078e-06
ेघ,961,1.4292128428084493e-05
मब,1250,1.8590177455885137e-05
पग,832,1.2373622114637147e-05
चओ,349,5.19037754568313e-06
णप,901,1.3399799910202007e-05
भद,1166,1.7340917530849655e-05
ठप,427,6.350404618930363e-06
उक,825,1.226951712088419e-05
झो,1041,1.548189978526114e-05
चच,286,4.253432601906519e-06
ईफ,453,6.7370803100127735e-06
ऋण,282,4.193944034047687e-06
लघ,451,6.7073360260833575e-06
िथ,1351,2.0092263794320657e-05
यध,499,7.4211988403893465e-06
ि्,282,4.193944034047687e-06
ैः,242,3.5990583554593627e-06
ृप,986,1.4663931977202196e-05
एआ,1162,1.7281428962990823e-05
मआ,737,1.0960768627989877e-05
ईब,581,8.640714481495411e-06
अठ,242,3.5990583554593627e-06
ऐक,826,1.2284389262848898e-05
सड,1083,1.6106529747778882e-05
घी,639,9.503298715448482e-06
हग,1132,1.683526470404958e-05
फई,246,3.658546923318195e-06
फत,1180,1.754912751835557e-05
हप,687,1.021716152975447e-05
ओझ,238,3.53956978760053e-06
ौभ,270,4.01547833047119e-06
ीभ,781,1.1615142874437033e-05
उड,843,1.2537215676248937e-05
तग,938,1.3950069162896207e-05
धस,314,4.669852576918346e-06
घि,1395,2.0746638040767814e-05
णध,232,3.4503369358122814e-06
चश,714,1.061870936280159e-05
धै,241,3.5841862134946543e-06
मऊ,273,4.060094756365314e-06
ौप,407,6.0529617796362e-06
द.,817,1.2150539985166526e-05
मख,448,6.662719600189233e-06
गक,677,1.006844011010739e-05
घई,209,3.108277670623995e-06
थय,496,7.376582414495223e-06
ठश,239,3.5544419295652384e-06
ऋच,223,3.3164876581299084e-06
खै,492,7.31709384663639e-06
कझ,288,4.283176885835936e-06
तप,1538,2.287335434172107e-05
नओ,268,3.985734046541773e-06
खव,610,9.072006598471947e-06
ौग,446,6.632975316259817e-06
मफ,396,5.889368218024411e-06
वद,914,1.3593137755743212e-05
एई,198,2.9446841090122055e-06
ठम,425,6.320660335000946e-06
लए,1117,1.661218257457896e-05
घव,573,8.521737345777748e-06
बघ,233,3.4652090777769898e-06
भज,506,7.525303834142303e-06
नच,1258,1.87091545916028e-05
सय,745,1.1079745763707541e-05
टख,608,9.042262314542531e-06
बौ,1043,1.551164406919056e-05
ौख,556,8.268910932377709e-06
ऐन,260,3.866756910824109e-06
वब,350,5.205249687647838e-06
ंल,681,1.0127928677966223e-05
चह,647,9.622275851166147e-06
आट,338,5.026783984071341e-06
फह,604,8.982773746683698e-06
मड,802,1.1927457855695903e-05
वड,557,8.283783074342417e-06
डै,566,8.41763235202479e-06
ौब,679,1.0098184394036807e-05
बड,593,8.819180185071909e-06
थश,264,3.926245478682941e-06
थत,302,4.491386873341849e-06
झद,277,4.1195833242241465e-06
छक,404,6.0083453537420765e-06
ीघ,262,3.8965011947535245e-06
ईई,409,6.082706063565617e-06
मओ,441,6.558614606436276e-06
पज,599,8.908413036860158e-06
इप,1102,1.6389100445108338e-05
ेई,641,9.533042999377898e-06
य्,782,1.1630015016401743e-05
सओ,302,4.491386873341849e-06
ओज,301,4.476514731377141e-06
डग,669,9.949462974389726e-06
ं।,381,5.66628608855379e-06
णक,827,1.2299261404813606e-05
ठ्,402,5.97860106981266e-06
झम,436,6.4842538966127355e-06
ृश,701,1.0425371517260386e-05
धश,239,3.5544419295652384e-06
डं,984,1.463418769327278e-05
नख,368,5.472948243012585e-06
वभ,390,5.8001353662361624e-06
अघ,162,2.4092869982827138e-06
लआ,280,4.16419975011827e-06
घब,608,9.042262314542531e-06
औच,173,2.572880559894503e-06
णज,253,3.7626519170711516e-06
शट,372,5.5324368108714166e-06
ठव,401,5.963728927847952e-06
नध,341,5.0714004099654655e-06
फओ,168,2.4985198500709624e-06
ा।,656,9.75612512884852e-06
ूण,390,5.8001353662361624e-06
लई,417,6.201683199283282e-06
पौ,882,1.3117229212872552e-05
फद,221,3.286743374200492e-06
झज,144,2.141588442917968e-06
रः,358,5.324226823365503e-06
ृक,262,3.8965011947535245e-06
बप,494,7.346838130565806e-06
रई,354,5.264738255506671e-06
ीथ,366,5.443203959083168e-06
डप,480,7.138628143059893e-06
सघ,183,2.721601979541584e-06
वघ,158,2.3497984304238815e-06
डय,267,3.970861904577065e-06
ह.,381,5.66628608855379e-06
षड,241,3.5841862134946543e-06
ईअ,189,2.8108348313298326e-06
ढु,143,2.1267163009532595e-06
षग,157,2.334926288459173e-06
ंठ,928,1.3801347743249125e-05
एथ,359,5.339098965330211e-06
खस,555,8.254038790413001e-06
न.,2094,3.1142265274098784e-05
टय,210,3.1231498125887032e-06
ओय,184,2.7364741215062924e-06
डट,297,4.417026163518308e-06
गट,673,1.0008951542248558e-05
ढो,585,8.700203049354245e-06
ञप,128,1.903634171482638e-06
टघ,148,2.2010770107768e-06
भम,145,2.156460584882676e-06
खय,166,2.468775566141546e-06
तः,608,9.042262314542531e-06
छर,283,4.208816176012395e-06
सृ,312,4.64010829298893e-06
मठ,171,2.5431362759650867e-06
हड,341,5.0714004099654655e-06
धब,237,3.524697645635822e-06
रआ,543,8.075573086836504e-06
ाः,830,1.2343877830707732e-05
ोअ,210,3.1231498125887032e-06
ुः,182,2.706729837576876e-06
ःख,165,2.453903424176838e-06
शग,249,3.7031633492123193e-06
नृ,332,4.937551132283092e-06
ठघ,118,1.754912751835557e-06
ूय,173,2.572880559894503e-06
ैभ,139,2.0672277330944272e-06
खड,278,4.1344554661888545e-06
ढी,480,7.138628143059893e-06
आफ,351,5.220121829612547e-06
झप,387,5.7555189403420386e-06
वफ,275,4.0898390402947306e-06
बठ,133,1.9779948813061786e-06
यथ,403,5.9934732117773685e-06
डफ,244,3.6288026393887786e-06
.क,650,9.666892277060271e-06
सः,161,2.394414856318006e-06
ूँ,221,3.286743374200492e-06
घक,173,2.572880559894503e-06
ोठ,611,9.086878740436655e-06
फक,285,4.238560459941811e-06
पछ,149,2.215949152741508e-06
कध,204,3.033916960800454e-06
उष,122,1.8144013196943893e-06
बश,336,4.997039700141925e-06
गध,227,3.3759762259887407e-06
एत,205,3.0487891027651626e-06
थू,190,2.825706973294541e-06
थै,350,5.205249687647838e-06
ूश,481,7.153500285024601e-06
झि,435,6.4693817546480276e-06
हभ,211,3.138021954553411e-06
.व,377,5.606797520694957e-06
णग,172,2.5580084179297947e-06
ओ.,470,6.989906723412811e-06
ओए,436,6.4842538966127355e-06
म.,1037,1.542241121740231e-05
फए,557,8.283783074342417e-06
गग,255,3.792396201000568e-06
षध,250,3.7180354911770273e-06
शय,369,5.487820384977293e-06
षभ,128,1.903634171482638e-06
ैष,252,3.7477797751064436e-06
नः,252,3.7477797751064436e-06
गब,331,4.922678990318384e-06
चब,384,5.710902514447914e-06
.आ,356,5.2944825394360875e-06
ि.,441,6.558614606436276e-06
रऊ,93,1.3831092027178541e-06
ऊफ,111,1.6508077580826002e-06
ौव,329,4.892934706388968e-06
ैथ,690,1.0261777955648596e-05
शफ,330,4.907806848353676e-06
ाढ,135,2.007739165235595e-06
यफ,134,1.9928670232708866e-06
ईन,462,6.870929587695147e-06
ौछ,101,1.5020863384355191e-06
ढक,383,5.696030372483206e-06
ठौ,89,1.3236206348590219e-06
धज,170,2.5282641340003788e-06
वई,156,2.320054146494465e-06
टह,410,6.097578205530325e-06
ईल,280,4.16419975011827e-06
ूओ,119,1.769784893800265e-06
िओ,256,3.807268342965276e-06
ढि,330,4.907806848353676e-06
ईच,157,2.334926288459173e-06
.ज,396,5.889368218024411e-06
त.,981,1.4589571267378656e-05
.त,155,2.305182004529757e-06
भस,130,1.9333784554120543e-06
ट.,677,1.006844011010739e-05
डत,94,1.3979813446825623e-06
ाँ,441,6.558614606436276e-06
कष,213,3.1677662384828275e-06
ओछ,79,1.1748992152119407e-06
बः,91,1.353364918788438e-06
ंउ,108,1.606191332188476e-06
यग,191,2.840579115259249e-06
बढ,315,4.684724718883054e-06
ओट,226,3.3611040840240327e-06
औज,111,1.6508077580826002e-06
िझ,248,3.6882912072476113e-06
दज,91,1.353364918788438e-06
एद,93,1.3831092027178541e-06
घृ,153,2.275437720600341e-06
शः,145,2.156460584882676e-06
वः,106,1.5764470482590596e-06
बउ,68,1.0113056536001515e-06
उआ,68,1.0113056536001515e-06
झब,68,1.0113056536001515e-06
सउ,70,1.0410499375295676e-06
औं,101,1.5020863384355191e-06
कण,262,3.8965011947535245e-06
ैए,66,9.815613696707353e-07
ऊष,66,9.815613696707353e-07
अछ,188,2.7959626893651246e-06
णभ,100,1.487214196470811e-06
श.,317,4.714469002812471e-06
क.,596,8.863796610966033e-06
ऊट,72,1.070794221458984e-06
घस,283,4.208816176012395e-06
टआ,134,1.9928670232708866e-06
पढ,101,1.5020863384355191e-06
ढह,189,2.8108348313298326e-06
ग.,374,5.562181094800833e-06
ेइ,213,3.1677662384828275e-06
चए,291,4.32779331173006e-06
ज.,412,6.127322489459741e-06
डः,223,3.3164876581299084e-06
टः,135,2.007739165235595e-06
औक,71,1.0559220794942758e-06
टग,238,3.53956978760053e-06
कइ,76,1.1302827893178164e-06
ूइ,94,1.3979813446825623e-06
औष,153,2.275437720600341e-06
ए।,80,1.1897713571766487e-06
लअ,77,1.1451549312825244e-06
िघ,319,4.744213286741887e-06
ूभ,257,3.822140484929984e-06
आओ,146,2.171332726847384e-06
ईः,68,1.0113056536001515e-06
धग,78,1.1600270732472326e-06
.प,515,7.659153111824676e-06
चआ,183,2.721601979541584e-06
ऊध,124,1.8441456036238057e-06
ोआ,320,4.759085428706595e-06
आण,56,8.328399500236541e-07
धौ,234,3.4800812197416977e-06
ंई,92,1.3682370607531462e-06
नथ,61,9.072006598471947e-07
खम,243,3.6139304974240707e-06
अष,116,1.7251684679061407e-06
णथ,54,8.03095666094238e-07
थं,172,2.5580084179297947e-06
भौ,362,5.383715391224336e-06
शज,97,1.4425977705766866e-06
खध,74,1.1005385053884e-06
ुइ,257,3.822140484929984e-06
प.,214,3.1826383804475355e-06
.इ,329,4.892934706388968e-06
छद,51,7.584792402001135e-07
चट,374,5.562181094800833e-06
ी।,272,4.045222614400606e-06
रछ,165,2.453903424176838e-06
इख,116,1.7251684679061407e-06
ल.,917,1.3637754181637336e-05
रओ,161,2.394414856318006e-06
डच,82,1.219515641106065e-06
सइ,62,9.220728018119028e-07
ेअ,186,2.7662184054357083e-06
चद,71,1.0559220794942758e-06
ऐज,87,1.2938763509296055e-06
ू.,319,4.744213286741887e-06
ंए,93,1.3831092027178541e-06
ढल,127,1.88876202951793e-06
थट,46,6.841185303765731e-07
कड,301,4.476514731377141e-06
ठू,215,3.1975105224122435e-06
ढर,69,1.0261777955648596e-06
च.,243,3.6139304974240707e-06
जई,100,1.487214196470811e-06
डख,52,7.733513821648217e-07
ुऐ,44,6.543742464471568e-07
डइ,47,6.989906723412812e-07
ाआ,52,7.733513821648217e-07
ब.,235,3.4949533617064057e-06
इथ,83,1.234387783070773e-06
डड,104,1.5467027643296434e-06
डज,112,1.6656799000473082e-06
ोढ,70,1.0410499375295676e-06
ञत,87,1.2938763509296055e-06
िः,62,9.220728018119028e-07
ःश,42,6.246299625177406e-07
अण,87,1.2938763509296055e-06
ौष,56,8.328399500236541e-07
.औ,66,9.815613696707353e-07
घच,51,7.584792402001135e-07
टज,119,1.769784893800265e-06
खण,138,2.0523555911297193e-06
डह,119,1.769784893800265e-06
.स,287,4.268304743871228e-06
झर,134,1.9928670232708866e-06
फ.,120,1.7846570357649732e-06
सध,97,1.4425977705766866e-06
गढ,237,3.524697645635822e-06
फप,138,2.0523555911297193e-06
य.,329,4.892934706388968e-06
.ए,652,9.696636560989687e-06
भच,101,1.5020863384355191e-06
उफ,133,1.9779948813061786e-06
ोछ,92,1.3682370607531462e-06
टण,39,5.800135366236163e-07
घप,109,1.6210634741531839e-06
दः,89,1.3236206348590219e-06
ढत,82,1.219515641106065e-06
ुथ,262,3.8965011947535245e-06
ूई,105,1.5615749062943516e-06
खच,139,2.0672277330944272e-06
घद,41,6.097578205530325e-07
ओओ,46,6.841185303765731e-07
ठर,54,8.03095666094238e-07
ेभ,92,1.3682370607531462e-06
ओश,81,1.2046434991413569e-06
षस,88,1.3087484928943137e-06
ृढ,42,6.246299625177406e-07
ऐष,35,5.205249687647838e-07
कछ,41,6.097578205530325e-07
डई,109,1.6210634741531839e-06
षप,80,1.1897713571766487e-06
ूअ,53,7.882235241295298e-07
ैह,76,1.1302827893178164e-06
वू,150,2.2308212947062165e-06
आँ,88,1.3087484928943137e-06
ँख,78,1.1600270732472326e-06
ँ।,32,4.759085428706595e-07
कओ,43,6.395021044824487e-07
ऊः,32,4.759085428706595e-07
षच,41,6.097578205530325e-07
भध,32,4.759085428706595e-07
ेे,96,1.4277256286119785e-06
सअ,79,1.1748992152119407e-06
ै्,31,4.610364009059514e-07
्.,31,4.610364009059514e-07
आघ,31,4.610364009059514e-07
ढस,49,7.287349562706974e-07
छं,112,1.6656799000473082e-06
ँध,48,7.138628143059892e-07
ृभ,62,9.220728018119028e-07
हउ,30,4.461642589412433e-07
गथ,48,7.138628143059892e-07
षल,30,4.461642589412433e-07
इओ,59,8.774563759177785e-07
ेउ,80,1.1897713571766487e-06
ीझ,55,8.17967808058946e-07
दइ,29,4.3129211697653517e-07
शध,36,5.35397110729492e-07
ीँ,29,4.3129211697653517e-07
घत,66,9.815613696707353e-07
हए,47,6.989906723412812e-07
इआ,86,1.2790042089648973e-06
ौड,64,9.51817085741319e-07
तअ,28,4.1641997501182705e-07
ईग,144,2.141588442917968e-06
मः,103,1.5318306223649353e-06
चख,100,1.487214196470811e-06
.म,336,4.997039700141925e-06
आऊ,78,1.1600270732472326e-06
ऊथ,28,4.1641997501182705e-07
ँ.,34,5.056528268000757e-07
भइ,27,4.01547833047119e-07
ृव,27,4.01547833047119e-07
लः,87,1.2938763509296055e-06
यच,61,9.072006598471947e-07
डौ,112,1.6656799000473082e-06
ीउ,65,9.666892277060271e-07
शड,27,4.01547833047119e-07
.ट,61,9.072006598471947e-07
.ब,219,3.256999090271076e-06
धध,28,4.1641997501182705e-07
कए,26,3.8667569108241086e-07
ोे,67,9.964335116354433e-07
छ.,44,6.543742464471568e-07
.च,67,9.964335116354433e-07
ओग,207,3.078533386694579e-06
रउ,59,8.774563759177785e-07
.य,254,3.77752405903586e-06
गच,99,1.4723420545061028e-06
ऐब,60,8.923285178824866e-07
आछ,35,5.205249687647838e-07
गआ,26,3.8667569108241086e-07
पख,122,1.8144013196943893e-06
ु्,150,2.2308212947062165e-06
ंं,117,1.7400406098708489e-06
ू्,60,8.923285178824866e-07
जच,45,6.692463884118649e-07
ंआ,83,1.234387783070773e-06
ओह,73,1.085666363423692e-06
हख,42,6.246299625177406e-07
ुा,38,5.651413946589082e-07
छौ,56,8.328399500236541e-07
वअ,24,3.569314071529946e-07
णं,34,5.056528268000757e-07
ऊम,24,3.569314071529946e-07
अौ,24,3.569314071529946e-07
व.,191,2.840579115259249e-06
षु,80,1.1897713571766487e-06
ेऊ,24,3.569314071529946e-07
.फ,128,1.903634171482638e-06
वठ,37,5.502692526942e-07
ोऊ,46,6.841185303765731e-07
िआ,212,3.152894096518119e-06
चअ,50,7.436070982354055e-07
ाअ,118,1.754912751835557e-06
े।,164,2.43903128221213e-06
ड.,189,2.8108348313298326e-06
.ड,68,1.0113056536001515e-06
.उ,129,1.9185063134473463e-06
ुठ,104,1.5467027643296434e-06
ठल,79,1.1748992152119407e-06
वआ,31,4.610364009059514e-07
ख.,65,9.666892277060271e-07
घभ,22,3.271871232235784e-07
ाे,154,2.290309862565049e-06
ओँ,71,1.0559220794942758e-06
फख,58,8.625842339530703e-07
्इ,38,5.651413946589082e-07
ैै,26,3.8667569108241086e-07
ीे,38,5.651413946589082e-07
ीा,22,3.271871232235784e-07
डश,28,4.1641997501182705e-07
आष,22,3.271871232235784e-07
ञे,28,4.1641997501182705e-07
अा,188,2.7959626893651246e-06
ओआ,68,1.0113056536001515e-06
कऊ,22,3.271871232235784e-07
ओन,80,1.1897713571766487e-06
उह,22,3.271871232235784e-07
हष,27,4.01547833047119e-07
ीइ,67,9.964335116354433e-07
एण,32,4.759085428706595e-07
ई।,23,3.4205926518828654e-07
लध,67,9.964335116354433e-07
चग,22,3.271871232235784e-07
ुढ,45,6.692463884118649e-07
ऊत,32,4.759085428706595e-07
आ।,20,2.974428392941622e-07
.भ,71,1.0559220794942758e-06
ऐह,37,5.502692526942e-07
टश,71,1.0559220794942758e-06
उव,50,7.436070982354055e-07
पध,59,8.774563759177785e-07
ँव,39,5.800135366236163e-07
नअ,34,5.056528268000757e-07
ंइ,62,9.220728018119028e-07
णर,29,4.3129211697653517e-07
शच,62,9.220728018119028e-07
धद,19,2.825706973294541e-07
छम,30,4.461642589412433e-07
सण,19,2.825706973294541e-07
ऐव,19,2.825706973294541e-07
.ल,89,1.3236206348590219e-06
दअ,30,4.461642589412433e-07
षै,25,3.7180354911770274e-07
हआ,27,4.01547833047119e-07
टट,149,2.215949152741508e-06
ऋद,27,4.01547833047119e-07
नउ,43,6.395021044824487e-07
ठय,18,2.67698555364746e-07
तध,21,3.123149812588703e-07
ेै,18,2.67698555364746e-07
ौआ,37,5.502692526942e-07
दण,23,3.4205926518828654e-07
डढ,18,2.67698555364746e-07
पः,26,3.8667569108241086e-07
चई,26,3.8667569108241086e-07
भष,21,3.123149812588703e-07
.ओ,23,3.4205926518828654e-07
शअ,35,5.205249687647838e-07
ीअ,33,4.907806848353677e-07
ेढ,17,2.5282641340003786e-07
ेा,125,1.8590177455885136e-06
डअ,25,3.7180354911770274e-07
धृ,45,6.692463884118649e-07
ँग,60,8.923285178824866e-07
झग,40,5.948856785883244e-07
िढ,34,5.056528268000757e-07
भआ,17,2.5282641340003786e-07
औल,17,2.5282641340003786e-07
ण.,81,1.2046434991413569e-06
ंओ,50,7.436070982354055e-07
ऐर,28,4.1641997501182705e-07
फय,32,4.759085428706595e-07
णख,16,2.3795427143532974e-07
बइ,26,3.8667569108241086e-07
ढच,16,2.3795427143532974e-07
थज,21,3.123149812588703e-07
थस,50,7.436070982354055e-07
िे,84,1.2492599250354812e-06
व।,16,2.3795427143532974e-07
टभ,52,7.733513821648217e-07
यै,39,5.800135366236163e-07
अझ,15,2.2308212947062165e-07
हई,25,3.7180354911770274e-07
ऐे,27,4.01547833047119e-07
ऊब,33,4.907806848353677e-07
बफ,23,3.4205926518828654e-07
णल,25,3.7180354911770274e-07
धइ,14,2.0820998750591352e-07
भभ,46,6.841185303765731e-07
शष,25,3.7180354911770274e-07
ूः,14,2.0820998750591352e-07
नझ,23,3.4205926518828654e-07
भण,14,2.0820998750591352e-07
ेझ,14,2.0820998750591352e-07
सठ,33,4.907806848353677e-07
ऊग,14,2.0820998750591352e-07
नछ,20,2.974428392941622e-07
षः,17,2.5282641340003786e-07
उई,17,2.5282641340003786e-07
ओे,16,2.3795427143532974e-07
ऊज,14,2.0820998750591352e-07
ाो,21,3.123149812588703e-07
उइ,17,2.5282641340003786e-07
चज,30,4.461642589412433e-07
।।,28,4.1641997501182705e-07
ाा,78,1.1600270732472326e-06
.अ,209,3.108277670623995e-06
.द,84,1.2492599250354812e-06
एँ,55,8.17967808058946e-07
ँच,74,1.1005385053884e-06
ुँ,51,7.584792402001135e-07
यघ,21,3.123149812588703e-07
.ह,124,1.8441456036238057e-06
फम,13,1.9333784554120543e-07
एे,33,4.907806848353677e-07
.घ,37,5.502692526942e-07
.र,143,2.1267163009532595e-06
.ग,77,1.1451549312825244e-06
ोँ,24,3.569314071529946e-07
ौय,23,3.4205926518828654e-07
पञ,12,1.784657035764973e-07
ञ्,21,3.123149812588703e-07
ञी,16,2.3795427143532974e-07
ष.,33,4.907806848353677e-07
णट,12,1.784657035764973e-07
औत,16,2.3795427143532974e-07
औन,12,1.784657035764973e-07
वष,27,4.01547833047119e-07
िी,23,3.4205926518828654e-07
टऔ,12,1.784657035764973e-07
षश,24,3.569314071529946e-07
धछ,12,1.784657035764973e-07
जः,12,1.784657035764973e-07
ँक,22,3.271871232235784e-07
तश,51,7.584792402001135e-07
ईे,12,1.784657035764973e-07
रइ,38,5.651413946589082e-07
दघ,14,2.0820998750591352e-07
टई,12,1.784657035764973e-07
छज,12,1.784657035764973e-07
ाै,27,4.01547833047119e-07
.छ,15,2.2308212947062165e-07
शृ,12,1.784657035764973e-07
दच,12,1.784657035764973e-07
ओत,14,2.0820998750591352e-07
।ज,20,2.974428392941622e-07
दध,34,5.056528268000757e-07
ी्,20,2.974428392941622e-07
ूढ,58,8.625842339530703e-07
इइ,12,1.784657035764973e-07
भ.,12,1.784657035764973e-07
ऊच,19,2.825706973294541e-07
ैख,24,3.569314071529946e-07
उ्,12,1.784657035764973e-07
सथ,37,5.502692526942e-07
ंः,26,3.8667569108241086e-07
ाऋ,12,1.784657035764973e-07
हध,12,1.784657035764973e-07
हः,22,3.271871232235784e-07
चध,12,1.784657035764973e-07
दउ,19,2.825706973294541e-07
ा०,12,1.784657035764973e-07
।प,12,1.784657035764973e-07
शओ,12,1.784657035764973e-07
त।,16,2.3795427143532974e-07
पइ,12,1.784657035764973e-07
ेी,22,3.271871232235784e-07
ऊह,11,1.635935616117892e-07
ोउ,35,5.205249687647838e-07
झध,12,1.784657035764973e-07
फफ,12,1.784657035764973e-07
चछ,11,1.635935616117892e-07
.न,46,6.841185303765731e-07
यख,33,4.907806848353677e-07
णः,16,2.3795427143532974e-07
ूा,22,3.271871232235784e-07
ोघ,21,3.123149812588703e-07
टध,13,1.9333784554120543e-07
इद,34,5.056528268000757e-07
ऊँ,14,2.0820998750591352e-07
ो।,32,4.759085428706595e-07
े्,15,2.2308212947062165e-07
पई,18,2.67698555364746e-07
घड,23,3.4205926518828654e-07
ऊस,20,2.974428392941622e-07
एः,26,3.8667569108241086e-07
वथ,20,2.974428392941622e-07
जए,11,1.635935616117892e-07
डओ,11,1.635935616117892e-07
ेऐ,11,1.635935616117892e-07
.ऐ,41,6.097578205530325e-07
छड,18,2.67698555364746e-07
ूी,11,1.635935616117892e-07
ञय,11,1.635935616117892e-07
भठ,20,2.974428392941622e-07
टद,27,4.01547833047119e-07
ैण,28,4.1641997501182705e-07
ऊल,11,1.635935616117892e-07
षौ,22,3.271871232235784e-07
कः,51,7.584792402001135e-07
कउ,17,2.5282641340003786e-07
मअ,29,4.3129211697653517e-07
।स,11,1.635935616117892e-07
भई,19,2.825706973294541e-07
ड।,10,1.487214196470811e-07
फँ,10,1.487214196470811e-07
ँस,19,2.825706973294541e-07
ठण,10,1.487214196470811e-07
िअ,49,7.287349562706974e-07
डघ,10,1.487214196470811e-07
एा,10,1.487214196470811e-07
ूघ,15,2.2308212947062165e-07
नघ,20,2.974428392941622e-07
ूृ,10,1.487214196470811e-07
ीऊ,10,1.487214196470811e-07
धय,26,3.8667569108241086e-07
्ः,12,1.784657035764973e-07
वछ,25,3.7180354911770274e-07
ऋं,10,1.487214196470811e-07
ौघ,10,1.487214196470811e-07
छग,28,4.1641997501182705e-07
ोओ,10,1.487214196470811e-07
थः,10,1.487214196470811e-07
।क,10,1.487214196470811e-07
ुउ,10,1.487214196470811e-07
ीढ,10,1.487214196470811e-07
ृग,17,2.5282641340003786e-07
वढ,10,1.487214196470811e-07
इई,10,1.487214196470811e-07
।ल,10,1.487214196470811e-07
र।,10,1.487214196470811e-07
.ख,22,3.271871232235784e-07
दड,12,1.784657035764973e-07
ुु,42,6.246299625177406e-07
घष,10,1.487214196470811e-07
छ्,15,2.2308212947062165e-07
फश,10,1.487214196470811e-07
रझ,22,3.271871232235784e-07
पउ,10,1.487214196470811e-07
यए,28,4.1641997501182705e-07
.श,60,8.923285178824866e-07
बछ,18,2.67698555364746e-07
घण,10,1.487214196470811e-07
ढ्,26,3.8667569108241086e-07
झण,14,2.0820998750591352e-07
डद,10,1.487214196470811e-07
ऐ.,22,3.271871232235784e-07
खग,28,4.1641997501182705e-07
षन,33,4.907806848353677e-07
झै,9,1.33849277682373e-07
ठः,9,1.33849277682373e-07
लढ,9,1.33849277682373e-07
छट,45,6.692463884118649e-07
टछ,9,1.33849277682373e-07
चः,9,1.33849277682373e-07
अै,9,1.33849277682373e-07
ु।,9,1.33849277682373e-07
आै,9,1.33849277682373e-07
ृ्,18,2.67698555364746e-07
भृ,9,1.33849277682373e-07
फअ,9,1.33849277682373e-07
डध,9,1.33849277682373e-07
अढ,9,1.33849277682373e-07
ठठ,14,2.0820998750591352e-07
लछ,14,2.0820998750591352e-07
षं,24,3.569314071529946e-07
ोी,9,1.33849277682373e-07
ृस,14,2.0820998750591352e-07
णह,12,1.784657035764973e-07
छः,9,1.33849277682373e-07
सञ,9,1.33849277682373e-07
बष,9,1.33849277682373e-07
इझ,9,1.33849277682373e-07
िइ,9,1.33849277682373e-07
आा,30,4.461642589412433e-07
ौ.,9,1.33849277682373e-07
िा,37,5.502692526942e-07
झ्,30,4.461642589412433e-07
औव,15,2.2308212947062165e-07
आथ,14,2.0820998750591352e-07
ध.,22,3.271871232235784e-07
गओ,8,1.1897713571766487e-07
मउ,16,2.3795427143532974e-07
बथ,16,2.3795427143532974e-07
ँत,8,1.1897713571766487e-07
ठए,8,1.1897713571766487e-07
न।,8,1.1897713571766487e-07
डभ,8,1.1897713571766487e-07
इह,12,1.784657035764973e-07
धह,8,1.1897713571766487e-07
ृन,8,1.1897713571766487e-07
यढ,8,1.1897713571766487e-07
आअ,8,1.1897713571766487e-07
अो,10,1.487214196470811e-07
दष,8,1.1897713571766487e-07
यः,19,2.825706973294541e-07
ोऐ,8,1.1897713571766487e-07
उघ,8,1.1897713571766487e-07
िो,8,1.1897713571766487e-07
थौ,10,1.487214196470811e-07
ाऐ,32,4.759085428706595e-07
ञश,7,1.0410499375295676e-07
गः,18,2.67698555364746e-07
धआ,14,2.0820998750591352e-07
ंे,15,2.2308212947062165e-07
लइ,13,1.9333784554120543e-07
्ं,7,1.0410499375295676e-07
ृछ,7,1.0410499375295676e-07
गछ,14,2.0820998750591352e-07
ःस,18,2.67698555364746e-07
कघ,14,2.0820998750591352e-07
ुी,12,1.784657035764973e-07
हअ,7,1.0410499375295676e-07
फच,7,1.0410499375295676e-07
ाी,7,1.0410499375295676e-07
य।,7,1.0410499375295676e-07
फः,13,1.9333784554120543e-07
टठ,7,1.0410499375295676e-07
ईघ,7,1.0410499375295676e-07
अे,10,1.487214196470811e-07
झय,7,1.0410499375295676e-07
जण,13,1.9333784554120543e-07
जठ,7,1.0410499375295676e-07
ैा,6,8.923285178824865e-08
छछ,6,8.923285178824865e-08
ओण,6,8.923285178824865e-08
धभ,12,1.784657035764973e-07
ृम,6,8.923285178824865e-08
।.,11,1.635935616117892e-07
्झ,9,1.33849277682373e-07
ओई,13,1.9333784554120543e-07
गइ,10,1.487214196470811e-07
ौउ,6,8.923285178824865e-08
इे,6,8.923285178824865e-08
वइ,8,1.1897713571766487e-07
ऐथ,6,8.923285178824865e-08
ऐम,11,1.635935616117892e-07
झड,6,8.923285178824865e-08
नऐ,6,8.923285178824865e-08
मढ,6,8.923285178824865e-08
णै,6,8.923285178824865e-08
उझ,6,8.923285178824865e-08
फइ,6,8.923285178824865e-08
िउ,27,4.01547833047119e-07
बँ,6,8.923285178824865e-08
ँद,8,1.1897713571766487e-07
धअ,10,1.487214196470811e-07
ढढ,6,8.923285178824865e-08
ँन,6,8.923285178824865e-08
इण,6,8.923285178824865e-08
इष,6,8.923285178824865e-08
दई,10,1.487214196470811e-07
्ई,5,7.436070982354054e-08
आौ,5,7.436070982354054e-08
।आ,5,7.436070982354054e-08
भश,5,7.436070982354054e-08
गख,5,7.436070982354054e-08
ठट,5,7.436070982354054e-08
आी,5,7.436070982354054e-08
षट,5,7.436070982354054e-08
पफ,10,1.487214196470811e-07
गऐ,5,7.436070982354054e-08
आऐ,5,7.436070982354054e-08
ोः,5,7.436070982354054e-08
ँढ,5,7.436070982354054e-08
हँ,5,7.436070982354054e-08
सछ,4,5.9488567858832436e-08
थअ,4,5.9488567858832436e-08
ुे,4,5.9488567858832436e-08
्ए,4,5.9488567858832436e-08
उ.,4,5.9488567858832436e-08
चढ,11,1.635935616117892e-07
ोृ,4,5.9488567858832436e-08
ृु,4,5.9488567858832436e-08
हह,8,1.1897713571766487e-07
षष,6,8.923285178824865e-08
थआ,4,5.9488567858832436e-08
गऊ,4,5.9488567858832436e-08
ऊश,4,5.9488567858832436e-08
णू,4,5.9488567858832436e-08
इठ,4,5.9488567858832436e-08
मइ,4,5.9488567858832436e-08
िऊ,7,1.0410499375295676e-07
फण,7,1.0410499375295676e-07
अअ,4,5.9488567858832436e-08
इ.,7,1.0410499375295676e-07
ऊक,4,5.9488567858832436e-08
ईथ,4,5.9488567858832436e-08
िऔ,4,5.9488567858832436e-08
ओढ,4,5.9488567858832436e-08
सष,4,5.9488567858832436e-08
बअ,4,5.9488567858832436e-08
औै,4,5.9488567858832436e-08
ँठ,3,4.461642589412433e-08
हठ,3,4.461642589412433e-08
खह,3,4.461642589412433e-08
ुऋ,3,4.461642589412433e-08
कख,3,4.461642589412433e-08
ओः,3,4.461642589412433e-08
।र,3,4.461642589412433e-08
ङ्,3,4.461642589412433e-08
ौठ,3,4.461642589412433e-08
।य,3,4.461642589412433e-08
लऐ,3,4.461642589412433e-08
चण,3,4.461642589412433e-08
.ठ,3,4.461642589412433e-08
ओद,3,4.461642589412433e-08
ढव,4,5.9488567858832436e-08
खश,3,4.461642589412433e-08
ईह,3,4.461642589412433e-08
ैउ,3,4.461642589412433e-08
उा,3,4.461642589412433e-08
थफ,3,4.461642589412433e-08
उअ,3,4.461642589412433e-08
ैऔ,2,2.9744283929416218e-08
आो,3,4.461642589412433e-08
भड,2,2.9744283929416218e-08
ंण,2,2.9744283929416218e-08
तघ,2,2.9744283929416218e-08
िऋ,2,2.9744283929416218e-08
ढप,2,2.9744283929416218e-08
गघ,2,2.9744283929416218e-08
लृ,2,2.9744283929416218e-08
िई,2,2.9744283929416218e-08
ँब,2,2.9744283929416218e-08
ोा,1,1.4872141964708109e-08
थद,1,1.4872141964708109e-08
धः,1,1.4872141964708109e-08
उि,1,1.4872141964708109e-08
मष,1,1.4872141964708109e-08
झ.,1,1.4872141964708109e-08
दआ,1,1.4872141964708109e-08
जउ,1,1.4872141964708109e-08
्ि,1,1.4872141964708109e-08
नइ,1,1.4872141964708109e-08
झझ,1,1.4872141964708109e-08
आआ,1,1.4872141964708109e-08
