trigram,frequency,probability
ारण,61,0.003098176646858652
ामो,85,0.004317131393163695
ापस,32,0.0016252729950733912
ुशच,2,0.00010157956219208695
ीरप,3,0.00015236934328813042
ावृ,26,0.0013205343084971303
ृतम,35,0.0017776423383615216
ूता,37,0.0018792219005536086
ाना,238,0.012087967900858348
ुसम,9,0.0004571080298643913
ाजि,22,0.0011173751841129565
िरं,20,0.0010157956219208695
ृगै,4,0.0002031591243841739
ुभि,35,0.0017776423383615216
िरा,88,0.004469500736451826
ाकी,9,0.0004571080298643913
िसङ,12,0.0006094773731525217
ूजि,8,0.0004063182487683478
ितं,101,0.005129767890700391
िशा,96,0.004875818985220173
ालै,9,0.0004571080298643913
ैरग,2,0.00010157956219208695
िशर,4,0.0002031591243841739
ैरज,5,0.0002539489054802174
िनै,1,5.0789781096043474e-05
ुशै,2,0.00010157956219208695
ोयक,1,5.0789781096043474e-05
ूलै,6,0.00030473868657626083
ोभि,37,0.0018792219005536086
ितम,108,0.005485296358372695
ादु,16,0.0008126364975366956
ुफल,2,0.00010157956219208695
िहो,7,0.00035552846767230434
ोमा,12,0.0006094773731525217
ोषन,3,0.00015236934328813042
िना,126,0.006399512418101478
ादि,68,0.0034537051145309564
ूला,22,0.0011173751841129565
ाशन,35,0.0017776423383615216
ीरक,9,0.0004571080298643913
ानर,20,0.0010157956219208695
ाभै,4,0.0002031591243841739
ुरा,61,0.003098176646858652
ाणै,23,0.001168164965209
ुनि,61,0.003098176646858652
िभि,55,0.002793437960282391
ुतम,20,0.0010157956219208695
ियत,25,0.001269744527401087
ाहा,24,0.0012189547463050433
ारै,8,0.0004063182487683478
ाभा,32,0.0016252729950733912
ागै,5,0.0002539489054802174
ैरु,13,0.0006602671542485652
ुपश,7,0.00035552846767230434
ाघव,153,0.007770836507694652
ीमा,35,0.0017776423383615216
ांस,70,0.003555284676723043
ाते,41,0.0020823810249377826
ेजा,26,0.0013205343084971303
ानो,25,0.001269744527401087
ोपप,4,0.0002031591243841739
ामं,90,0.0045710802986439125
ीता,182,0.009243740159479912
ैदे,115,0.005840824826044999
ेही,80,0.004063182487683478
िनी,87,0.0044187109553557825
ोमम,2,0.00010157956219208695
िवो,11,0.0005586875920564783
ारि,68,0.0034537051145309564
िणम,18,0.0009142160597287826
ानि,210,0.01066585403016913
ृढव,4,0.0002031591243841739
ूपस,8,0.0004063182487683478
ंहन,4,0.0002031591243841739
ौकु,2,0.00010157956219208695
ुमा,36,0.0018284321194575652
ुवे,10,0.0005078978109604348
ेषत,7,0.00035552846767230434
ृशु,7,0.00035552846767230434
िता,306,0.015541673015389303
ाका,41,0.0020823810249377826
ारा,68,0.0034537051145309564
ामस,130,0.006602671542485652
ासि,56,0.0028442277413784347
िनः,34,0.0017268525572654782
ैरन,12,0.0006094773731525217
िमि,38,0.001930011681649652
िषै,3,0.00015236934328813042
ैरि,20,0.0010157956219208695
िणः,26,0.0013205343084971303
ैनं,5,0.0002539489054802174
ागा,17,0.0008634262786327391
ूतह,5,0.0002539489054802174
िते,58,0.0029458073035705215
िथि,9,0.0004571080298643913
ाला,58,0.0029458073035705215
ाया,117,0.005942404388237087
ेशय,2,0.00010157956219208695
िधि,17,0.0008634262786327391
ावक,23,0.001168164965209
ोपम,44,0.002234750368225913
िलं,3,0.00015236934328813042
ूलं,7,0.00035552846767230434
िवे,30,0.0015236934328813044
ेदय,2,0.00010157956219208695
ुवन,14,0.0007110569353446087
ालो,18,0.0009142160597287826
ायश,16,0.0008126364975366956
ूजन,6,0.00030473868657626083
ीयश,4,0.0002031591243841739
ाजा,42,0.002133170806033826
ुरु,62,0.0031489664279546956
ागः,1,5.0789781096043474e-05
ोगा,11,0.0005586875920564783
ुङक,1,5.0789781096043474e-05
ेलो,2,0.00010157956219208695
ोकन,5,0.0002539489054802174
ृतः,15,0.0007618467164406522
िषय,7,0.00035552846767230434
ाजञ,1,5.0789781096043474e-05
ितक,11,0.0005586875920564783
ोधा,13,0.0006602671542485652
िया,64,0.0032505459901467824
ीया,15,0.0007618467164406522
ोधन,8,0.0004063182487683478
िवि,43,0.0021839605871298694
िधा,56,0.0028442277413784347
ूजय,11,0.0005586875920564783
ायव,3,0.00015236934328813042
ायं,14,0.0007110569353446087
ामा,132,0.006704251104677739
ासु,29,0.0014729036517852608
ुरी,15,0.0007618467164406522
ृता,97,0.004926608766316217
ाति,72,0.0036568642389151304
ोदय,7,0.00035552846767230434
ुनी,11,0.0005586875920564783
ेवा,49,0.0024886992737061303
ाहत,9,0.0004571080298643913
ामृ,18,0.0009142160597287826
ृगग,3,0.00015236934328813042
ेवि,23,0.001168164965209
ागु,4,0.0002031591243841739
िला,23,0.001168164965209
ाशय,9,0.0004571080298643913
ाशक,5,0.0002539489054802174
िझि,1,5.0789781096043474e-05
िका,33,0.0016760627761694348
ागण,1,5.0789781096043474e-05
ानु,86,0.004367921174259739
ुगत,4,0.0002031591243841739
ीतय,43,0.0021839605871298694
ाकु,60,0.0030473868657626088
िनघ,1,5.0789781096043474e-05
ोरम,9,0.0004571080298643913
ृगा,19,0.000965005840824826
ायु,70,0.003555284676723043
ुते,4,0.0002031591243841739
िरि,38,0.001930011681649652
िशृ,5,0.0002539489054802174
ाभं,6,0.00030473868657626083
ुषा,35,0.0017776423383615216
ादं,23,0.001168164965209
ीरा,12,0.0006094773731525217
िकट,2,0.00010157956219208695
िषम,16,0.0008126364975366956
ोदर,14,0.0007110569353446087
ीभत,2,0.00010157956219208695
िकृ,22,0.0011173751841129565
ृतं,34,0.0017268525572654782
ोरद,9,0.0004571080298643913
ानं,96,0.004875818985220173
ैया,1,5.0789781096043474e-05
ुधि,40,0.002031591243841739
िरो,16,0.0008126364975366956
ासन,19,0.000965005840824826
िवा,89,0.00452029051754787
ुरो,21,0.001066585403016913
ृकौ,1,5.0789781096043474e-05
ृषत,5,0.0002539489054802174
िषा,19,0.000965005840824826
ाणं,13,0.0006602671542485652
ायस,21,0.001066585403016913
ूले,3,0.00015236934328813042
िनद,9,0.0004571080298643913
ैथि,67,0.0034029153334349128
िली,62,0.0031489664279546956
ावत,28,0.0014221138706892174
ुसङ,6,0.00030473868657626083
ैरव,11,0.0005586875920564783
ालय,21,0.001066585403016913
ेदि,25,0.001269744527401087
ेना,59,0.002996597084666565
ादा,61,0.003098176646858652
ीमप,6,0.00030473868657626083
ुवा,62,0.0031489664279546956
ाची,2,0.00010157956219208695
ीरध,1,5.0789781096043474e-05
ीणज,3,0.00015236934328813042
ीवि,53,0.0026918583980903043
ितौ,23,0.001168164965209
ापा,29,0.0014729036517852608
िणौ,6,0.00030473868657626083
ासः,3,0.00015236934328813042
ापौ,4,0.0002031591243841739
िदू,10,0.0005078978109604348
ूषक,2,0.00010157956219208695
िदं,48,0.0024379094926100867
ाधो,4,0.0002031591243841739
ामि,207,0.010513484686881
ुधो,2,0.00010157956219208695
ृषि,9,0.0004571080298643913
िमा,61,0.003098176646858652
ंसा,16,0.0008126364975366956
ारी,56,0.0028442277413784347
ारो,30,0.0015236934328813044
ोहा,16,0.0008126364975366956
ुवय,1,5.0789781096043474e-05
ापय,5,0.0002539489054802174
ाहं,22,0.0011173751841129565
ृधे,1,5.0789781096043474e-05
ैवं,8,0.0004063182487683478
ुवत,4,0.0002031591243841739
ाधस,6,0.00030473868657626083
ेपत,1,5.0789781096043474e-05
ेगा,8,0.0004063182487683478
ावा,22,0.0011173751841129565
ाधा,7,0.00035552846767230434
ुभा,26,0.0013205343084971303
ुखे,10,0.0005078978109604348
िशु,7,0.00035552846767230434
ाचा,26,0.0013205343084971303
ेशि,5,0.0002539489054802174
ुखस,7,0.00035552846767230434
ंमव,1,5.0789781096043474e-05
ाजप,10,0.0005078978109604348
ेतम,3,0.00015236934328813042
ियं,18,0.0009142160597287826
ैके,18,0.0009142160597287826
ुसं,8,0.0004063182487683478
ंवृ,13,0.0006602671542485652
ियः,12,0.0006094773731525217
ापि,65,0.003301335771242826
ितो,71,0.003606074457819087
ेदा,3,0.00015236934328813042
ानी,22,0.0011173751841129565
ाता,59,0.002996597084666565
ुःख,41,0.0020823810249377826
ःखत,1,5.0789781096043474e-05
िमे,3,0.00015236934328813042
ितु,77,0.003910813144395348
ाशा,19,0.000965005840824826
ौमि,57,0.0028950175224744783
ोकप,9,0.0004571080298643913
ाथस,4,0.0002031591243841739
ासव,8,0.0004063182487683478
िमर,15,0.0007618467164406522
ितप,10,0.0005078978109604348
िहत,52,0.0026410686169942607
ासो,12,0.0006094773731525217
ोणि,20,0.0010157956219208695
ामे,89,0.00452029051754787
ोधो,3,0.00015236934328813042
ाधे,9,0.0004571080298643913
ाचल,6,0.00030473868657626083
ुजब,1,5.0789781096043474e-05
ेगव,2,0.00010157956219208695
ेगि,1,5.0789781096043474e-05
ितः,110,0.005586875920564782
ोरस,10,0.0005078978109604348
िघू,1,5.0789781096043474e-05
ोभव,1,5.0789781096043474e-05
ुखम,30,0.0015236934328813044
ोवा,9,0.0004571080298643913
ुनर,37,0.0018792219005536086
ाधः,3,0.00015236934328813042
ूरय,10,0.0005078978109604348
ूतं,7,0.00035552846767230434
ानन,55,0.002793437960282391
ुमह,24,0.0012189547463050433
ुकु,11,0.0005586875920564783
ुलम,8,0.0004063182487683478
ियौ,1,5.0789781096043474e-05
ोचर,5,0.0002539489054802174
ुमि,41,0.0020823810249377826
ावः,3,0.00015236934328813042
ाजन,16,0.0008126364975366956
िबो,1,5.0789781096043474e-05
ाहु,48,0.0024379094926100867
ृथि,9,0.0004571080298643913
ाभि,104,0.005282137233988521
िसम,14,0.0007110569353446087
ादज,2,0.00010157956219208695
ेणा,24,0.0012189547463050433
ावध,1,5.0789781096043474e-05
ोके,48,0.0024379094926100867
ाभे,2,0.00010157956219208695
ामन,21,0.001066585403016913
ागत,65,0.003301335771242826
ाणौ,14,0.0007110569353446087
ाये,16,0.0008126364975366956
ेथा,1,5.0789781096043474e-05
ादद,4,0.0002031591243841739
ामः,39,0.0019808014627456954
ाचे,6,0.00030473868657626083
ेदं,12,0.0006094773731525217
ोपस,3,0.00015236934328813042
ंरक,9,0.0004571080298643913
ोचन,19,0.000965005840824826
ारं,32,0.0016252729950733912
ाधं,8,0.0004063182487683478
ापच,2,0.00010157956219208695
ेतस,9,0.0004571080298643913
ीना,33,0.0016760627761694348
ुमन,5,0.0002539489054802174
ेषस,3,0.00015236934328813042
ुवम,2,0.00010157956219208695
ीवन,7,0.00035552846767230434
िशि,44,0.002234750368225913
ुशी,4,0.0002031591243841739
िसन,6,0.00030473868657626083
िजघ,7,0.00035552846767230434
ुणव,5,0.0002539489054802174
ाणा,110,0.005586875920564782
ुमो,9,0.0004571080298643913
ावे,14,0.0007110569353446087
ुपर,12,0.0006094773731525217
िलत,1,5.0789781096043474e-05
ीरं,14,0.0007110569353446087
ाबर,1,5.0789781096043474e-05
िणव,2,0.00010157956219208695
ासस,15,0.0007618467164406522
िपे,7,0.00035552846767230434
ेतु,23,0.001168164965209
ूलम,6,0.00030473868657626083
ाशो,11,0.0005586875920564783
ोभत,6,0.00030473868657626083
ातर,48,0.0024379094926100867
ारौ,2,0.00010157956219208695
ाजृ,1,5.0789781096043474e-05
ाणस,21,0.001066585403016913
ाशु,10,0.0005078978109604348
ुगा,9,0.0004571080298643913
ाने,45,0.0022855401493219562
ावभ,3,0.00015236934328813042
ाशं,23,0.001168164965209
ांव,3,0.00015236934328813042
ंवर,3,0.00015236934328813042
ामव,25,0.001269744527401087
िखच,1,5.0789781096043474e-05
ुवि,22,0.0011173751841129565
ेरो,1,5.0789781096043474e-05
ोरि,6,0.00030473868657626083
ातल,2,0.00010157956219208695
ौशु,1,5.0789781096043474e-05
ुभौ,14,0.0007110569353446087
ापे,6,0.00030473868657626083
ेतत,9,0.0004571080298643913
ानः,8,0.0004063182487683478
ुभृ,2,0.00010157956219208695
ृशं,30,0.0015236934328813044
ुजा,4,0.0002031591243841739
िरभ,4,0.0002031591243841739
ातु,62,0.0031489664279546956
ुमै,8,0.0004063182487683478
ायम,11,0.0005586875920564783
ाचर,58,0.0029458073035705215
ावि,71,0.003606074457819087
िबल,5,0.0002539489054802174
ीचर,9,0.0004571080298643913
ोरं,16,0.0008126364975366956
िमु,29,0.0014729036517852608
ुखो,6,0.00030473868657626083
ेघन,2,0.00010157956219208695
िभं,5,0.0002539489054802174
िधै,10,0.0005078978109604348
ुपे,9,0.0004571080298643913
िकु,5,0.0002539489054802174
ुलै,3,0.00015236934328813042
िचि,21,0.001066585403016913
ुतं,12,0.0006094773731525217
ालम,17,0.0008634262786327391
िकी,13,0.0006602671542485652
ियम,38,0.001930011681649652
ामल,26,0.0013205343084971303
ाभु,4,0.0002031591243841739
ुजौ,7,0.00035552846767230434
ाशर,6,0.00030473868657626083
ीलव,3,0.00015236934328813042
ुचि,22,0.0011173751841129565
ूपे,21,0.001066585403016913
ृका,1,5.0789781096043474e-05
ीपि,3,0.00015236934328813042
िनस,3,0.00015236934328813042
ेगं,4,0.0002031591243841739
ीरौ,6,0.00030473868657626083
िणं,5,0.0002539489054802174
िपप,8,0.0004063182487683478
ेघस,5,0.0002539489054802174
ूदय,1,5.0789781096043474e-05
ेनं,8,0.0004063182487683478
िले,10,0.0005078978109604348
ुधा,25,0.001269744527401087
ूमौ,33,0.0016760627761694348
ृशम,12,0.0006094773731525217
ुषव,14,0.0007110569353446087
िखन,1,5.0789781096043474e-05
ावह,13,0.0006602671542485652
िति,46,0.002336329930418
ाधम,10,0.0005078978109604348
ादे,15,0.0007618467164406522
ेणो,1,5.0789781096043474e-05
ुषर,10,0.0005078978109604348
ातः,5,0.0002539489054802174
ौसल,4,0.0002031591243841739
ातस,9,0.0004571080298643913
िदि,16,0.0008126364975366956
ादह,1,5.0789781096043474e-05
ोरा,27,0.0013713240895931737
ानश,9,0.0004571080298643913
ंयु,28,0.0014221138706892174
ुगे,20,0.0010157956219208695
ृति,14,0.0007110569353446087
ापन,16,0.0008126364975366956
ुपस,14,0.0007110569353446087
ीयम,2,0.00010157956219208695
ाजह,9,0.0004571080298643913
ासक,6,0.00030473868657626083
िहश,1,5.0789781096043474e-05
ुदा,19,0.000965005840824826
ारु,44,0.002234750368225913
ुणा,22,0.0011173751841129565
ापव,7,0.00035552846767230434
ोजन,16,0.0008126364975366956
िभः,6,0.00030473868657626083
िगच,12,0.0006094773731525217
ेयो,5,0.0002539489054802174
ुशल,10,0.0005078978109604348
ातन,2,0.00010157956219208695
िधी,2,0.00010157956219208695
ीयन,2,0.00010157956219208695
ेषा,53,0.0026918583980903043
ोका,43,0.0021839605871298694
ाधश,1,5.0789781096043474e-05
ीडि,11,0.0005586875920564783
ेहो,2,0.00010157956219208695
ाबल,52,0.0026410686169942607
िदे,7,0.00035552846767230434
ौदक,1,5.0789781096043474e-05
ंनि,3,0.00015236934328813042
ुकर,1,5.0789781096043474e-05
िपच,1,5.0789781096043474e-05
ाहव,13,0.0006602671542485652
ुणम,3,0.00015236934328813042
ावु,17,0.0008634262786327391
ंयत,4,0.0002031591243841739
िपत,15,0.0007618467164406522
ुरस,19,0.000965005840824826
ारद,7,0.00035552846767230434
िणा,38,0.001930011681649652
ृतो,13,0.0006602671542485652
िशम,11,0.0005586875920564783
ाषि,8,0.0004063182487683478
िलप,16,0.0008126364975366956
ेशन,4,0.0002031591243841739
ूपा,28,0.0014221138706892174
ीतभ,1,5.0789781096043474e-05
ावन,40,0.002031591243841739
िरन,4,0.0002031591243841739
ुकौ,1,5.0789781096043474e-05
िगृ,20,0.0010157956219208695
िजह,1,5.0789781096043474e-05
ुदि,8,0.0004063182487683478
ाकर,13,0.0006602671542485652
ीमब,3,0.00015236934328813042
ेजस,35,0.0017776423383615216
ामह,24,0.0012189547463050433
िजग,17,0.0008634262786327391
ेवप,4,0.0002031591243841739
ावस,16,0.0008126364975366956
ीपे,5,0.0002539489054802174
ाजम,10,0.0005078978109604348
ाशे,19,0.000965005840824826
िबु,3,0.00015236934328813042
ुगम,6,0.00030473868657626083
ृशन,4,0.0002031591243841739
ुधे,1,5.0789781096043474e-05
ाभर,18,0.0009142160597287826
ेवं,26,0.0013205343084971303
िरज,4,0.0002031591243841739
ैरे,5,0.0002539489054802174
ादू,1,5.0789781096043474e-05
ूरत,5,0.0002539489054802174
िभम,5,0.0002539489054802174
िमल,12,0.0006094773731525217
ोपश,8,0.0004063182487683478
ामर,26,0.0013205343084971303
ाधन,1,5.0789781096043474e-05
ृही,16,0.0008126364975366956
ीते,30,0.0015236934328813044
ूयम,1,5.0789781096043474e-05
िरग,3,0.00015236934328813042
िरी,14,0.0007110569353446087
िरे,22,0.0011173751841129565
ाषम,3,0.00015236934328813042
ाणे,13,0.0006602671542485652
ायप,1,5.0789781096043474e-05
ुहू,24,0.0012189547463050433
ूतस,5,0.0002539489054802174
ुता,35,0.0017776423383615216
िनो,4,0.0002031591243841739
ाणय,3,0.00015236934328813042
िपु,32,0.0016252729950733912
ुलो,9,0.0004571080298643913
िघा,6,0.00030473868657626083
ायत,26,0.0013205343084971303
ोणा,1,5.0789781096043474e-05
ांश,54,0.0027426481791863475
ंशु,6,0.00030473868657626083
ुवस,1,5.0789781096043474e-05
ासद,3,0.00015236934328813042
ोदे,1,5.0789781096043474e-05
ेशे,18,0.0009142160597287826
ेषु,87,0.0044187109553557825
िभा,23,0.001168164965209
ूपं,24,0.0012189547463050433
िंश,11,0.0005586875920564783
ंशत,3,0.00015236934328813042
िकम,5,0.0002539489054802174
ेमे,4,0.0002031591243841739
ियद,11,0.0005586875920564783
ावज,4,0.0002031591243841739
ुति,12,0.0006094773731525217
ेवम,22,0.0011173751841129565
िहै,2,0.00010157956219208695
ीयत,5,0.0002539489054802174
िचक,7,0.00035552846767230434
ीपत,12,0.0006094773731525217
ोपय,7,0.00035552846767230434
ाषत,9,0.0004571080298643913
ुमर,31,0.0015744832139773478
ितव,17,0.0008634262786327391
ाहम,11,0.0005586875920564783
िमम,7,0.00035552846767230434
ुदु,19,0.000965005840824826
ानय,13,0.0006602671542485652
िवम,4,0.0002031591243841739
ुपा,35,0.0017776423383615216
ासी,15,0.0007618467164406522
ीनं,10,0.0005078978109604348
ागम,25,0.001269744527401087
ादौ,5,0.0002539489054802174
िषे,18,0.0009142160597287826
ेदु,5,0.0002539489054802174
ासा,59,0.002996597084666565
िमन,10,0.0005078978109604348
ोकं,10,0.0005078978109604348
ीषत,1,5.0789781096043474e-05
ापम,12,0.0006094773731525217
ानम,32,0.0016252729950733912
ामद,8,0.0004063182487683478
िके,10,0.0005078978109604348
िवं,7,0.00035552846767230434
ेवस,6,0.00030473868657626083
ाकप,5,0.0002539489054802174
ामक,8,0.0004063182487683478
ाहर,16,0.0008126364975366956
ांल,1,5.0789781096043474e-05
ामु,40,0.002031591243841739
ुने,9,0.0004571080298643913
ासं,16,0.0008126364975366956
ेणै,1,5.0789781096043474e-05
ैवम,12,0.0006094773731525217
ुती,18,0.0009142160597287826
िकः,1,5.0789781096043474e-05
ुचौ,1,5.0789781096043474e-05
िनम,17,0.0008634262786327391
ीये,2,0.00010157956219208695
ाकि,8,0.0004063182487683478
ोता,3,0.00015236934328813042
ोडु,1,5.0789781096043474e-05
ुपव,5,0.0002539489054802174
ाणि,102,0.005180557671796434
ोरग,5,0.0002539489054802174
ेशा,10,0.0005078978109604348
ीनि,6,0.00030473868657626083
ंसं,2,0.00010157956219208695
ाशः,2,0.00010157956219208695
ारस,15,0.0007618467164406522
िचय,4,0.0002031591243841739
ोचत,11,0.0005586875920564783
ाहि,33,0.0016760627761694348
ृषी,4,0.0002031591243841739
ीणा,23,0.001168164965209
ोहत,3,0.00015236934328813042
िजर,2,0.00010157956219208695
ुचर,3,0.00015236934328813042
िजं,1,5.0789781096043474e-05
ितत,4,0.0002031591243841739
ैखा,3,0.00015236934328813042
ानस,28,0.0014221138706892174
ालख,3,0.00015236934328813042
ीचि,4,0.0002031591243841739
िपा,37,0.0018792219005536086
ोलू,1,5.0789781096043474e-05
ूखल,1,5.0789781096043474e-05
िनश,17,0.0008634262786327391
ैवो,5,0.0002539489054802174
ैवा,10,0.0005078978109604348
ुनय,5,0.0002539489054802174
ुभक,3,0.00015236934328813042
ापर,14,0.0007110569353446087
िलय,4,0.0002031591243841739
िलश,1,5.0789781096043474e-05
ायि,5,0.0002539489054802174
ोपव,6,0.00030473868657626083
ोनि,2,0.00010157956219208695
ृढय,1,5.0789781096043474e-05
ामम,37,0.0018792219005536086
िगम,12,0.0006094773731525217
ुलस,4,0.0002031591243841739
ारथ,24,0.0012189547463050433
ाथश,1,5.0789781096043474e-05
ुतस,5,0.0002539489054802174
िषु,12,0.0006094773731525217
ितृ,10,0.0005078978109604348
ृभक,2,0.00010157956219208695
िषड,1,5.0789781096043474e-05
ोति,4,0.0002031591243841739
ूलफ,6,0.00030473868657626083
ूयि,4,0.0002031591243841739
ानप,12,0.0006094773731525217
ाथो,2,0.00010157956219208695
ाथव,7,0.00035552846767230434
ोरै,10,0.0005078978109604348
ूना,9,0.0004571080298643913
ानद,5,0.0002539489054802174
ूटा,4,0.0002031591243841739
ीमक,8,0.0004063182487683478
ृपा,5,0.0002539489054802174
ेवल,4,0.0002031591243841739
ारम,19,0.000965005840824826
ेशक,4,0.0002031591243841739
ाफल,1,5.0789781096043474e-05
ृषय,2,0.00010157956219208695
ीरः,2,0.00010157956219208695
िजै,2,0.00010157956219208695
ूदक,1,5.0789781096043474e-05
ैलं,5,0.0002539489054802174
ेघम,3,0.00015236934328813042
ुवर,9,0.0004571080298643913
िशत,5,0.0002539489054802174
ुपु,8,0.0004063182487683478
ुमम,2,0.00010157956219208695
ेका,14,0.0007110569353446087
ीरम,6,0.00030473868657626083
ाधर,6,0.00030473868657626083
िवत,4,0.0002031591243841739
ोवृ,2,0.00010157956219208695
िवद,3,0.00015236934328813042
ीरो,10,0.0005078978109604348
ोहे,12,0.0006094773731525217
ोकम,4,0.0002031591243841739
ेहं,6,0.00030473868657626083
ीतल,17,0.0008634262786327391
ूटम,1,5.0789781096043474e-05
ुतः,17,0.0008634262786327391
ेवर,3,0.00015236934328813042
ाजश,1,5.0789781096043474e-05
ेवो,5,0.0002539489054802174
ुरे,11,0.0005586875920564783
िजु,2,0.00010157956219208695
िहर,5,0.0002539489054802174
ाणम,3,0.00015236934328813042
ातश,1,5.0789781096043474e-05
ौतम,1,5.0789781096043474e-05
ोकव,13,0.0006602671542485652
ुरं,4,0.0002031591243841739
ितस,32,0.0016252729950733912
ृगस,8,0.0004063182487683478
ोभय,11,0.0005586875920564783
ुतो,14,0.0007110569353446087
ोषं,3,0.00015236934328813042
ेदत,4,0.0002031591243841739
ृगे,2,0.00010157956219208695
ानह,5,0.0002539489054802174
ितध,2,0.00010157956219208695
ारे,20,0.0010157956219208695
िवर,27,0.0013713240895931737
िषज,2,0.00010157956219208695
िंस,11,0.0005586875920564783
ोपर,4,0.0002031591243841739
ासम,7,0.00035552846767230434
ंंध,1,5.0789781096043474e-05
ुभं,6,0.00030473868657626083
ुसत,3,0.00015236934328813042
िवृ,17,0.0008634262786327391
िपू,8,0.0004063182487683478
ालं,10,0.0005078978109604348
ुशि,4,0.0002031591243841739
ेनो,14,0.0007110569353446087
िनक,3,0.00015236934328813042
िगत,10,0.0005078978109604348
ोषि,6,0.00030473868657626083
ीला,9,0.0004571080298643913
ैभि,1,5.0789781096043474e-05
ोदा,21,0.001066585403016913
िखै,2,0.00010157956219208695
िषह,3,0.00015236934328813042
ातप,5,0.0002539489054802174
ाजत,13,0.0006602671542485652
ावद,9,0.0004571080298643913
ाढम,3,0.00015236934328813042
ालि,20,0.0010157956219208695
ेहम,2,0.00010157956219208695
ायय,4,0.0002031591243841739
ुवृ,5,0.0002539489054802174
ृगय,14,0.0007110569353446087
ूथा,3,0.00015236934328813042
िगण,8,0.0004063182487683478
ंसि,20,0.0010157956219208695
िरम,8,0.0004063182487683478
ूरा,15,0.0007618467164406522
िरु,9,0.0004571080298643913
ुमु,24,0.0012189547463050433
ुपच,7,0.00035552846767230434
ुभत,1,5.0789781096043474e-05
ूणी,5,0.0002539489054802174
ुषी,6,0.00030473868657626083
ुभे,9,0.0004571080298643913
ीमन,7,0.00035552846767230434
ानौ,6,0.00030473868657626083
ृतच,2,0.00010157956219208695
ातं,7,0.00035552846767230434
ुनन,17,0.0008634262786327391
िदम,15,0.0007618467164406522
ुसू,4,0.0002031591243841739
ामज,2,0.00010157956219208695
ुतर,1,5.0789781096043474e-05
ैरं,7,0.00035552846767230434
ाषण,1,5.0789781096043474e-05
ाभू,1,5.0789781096043474e-05
ाचन,3,0.00015236934328813042
ैतद,5,0.0002539489054802174
ारन,2,0.00010157956219208695
िरत,14,0.0007110569353446087
ारक,2,0.00010157956219208695
ीमल,2,0.00010157956219208695
ाबा,35,0.0017776423383615216
ाहो,13,0.0006602671542485652
ियै,2,0.00010157956219208695
ुभद,4,0.0002031591243841739
ृती,1,5.0789781096043474e-05
ीयं,9,0.0004571080298643913
िहि,1,5.0789781096043474e-05
ंसन,11,0.0005586875920564783
ृतब,1,5.0789781096043474e-05
ाणश,2,0.00010157956219208695
ुलं,18,0.0009142160597287826
ेयस,7,0.00035552846767230434
ूयत,6,0.00030473868657626083
ाणध,2,0.00010157956219208695
ामप,30,0.0015236934328813044
ाशस,8,0.0004063182487683478
ेजो,8,0.0004063182487683478
िदभ,3,0.00015236934328813042
ृगद,8,0.0004063182487683478
िजे,1,5.0789781096043474e-05
िरथ,6,0.00030473868657626083
ागच,2,0.00010157956219208695
ूपध,2,0.00010157956219208695
ासर,4,0.0002031591243841739
िचर,15,0.0007618467164406522
िवह,1,5.0789781096043474e-05
ंवा,1,5.0789781096043474e-05
ंयो,7,0.00035552846767230434
ोगक,1,5.0789781096043474e-05
िसं,9,0.0004571080298643913
ोगव,2,0.00010157956219208695
ेहा,7,0.00035552846767230434
ारय,21,0.001066585403016913
ीतध,2,0.00010157956219208695
ामय,12,0.0006094773731525217
ेता,21,0.001066585403016913
िरक,6,0.00030473868657626083
ेशध,1,5.0789781096043474e-05
ेवन,1,5.0789781096043474e-05
ीति,14,0.0007110569353446087
ुरय,2,0.00010157956219208695
ादर,10,0.0005078978109604348
ुणै,6,0.00030473868657626083
ुखा,16,0.0008126364975366956
िमत,6,0.00030473868657626083
ोवन,3,0.00015236934328813042
ैलो,6,0.00030473868657626083
ीचा,4,0.0002031591243841739
ापल,1,5.0789781096043474e-05
ेतद,5,0.0002539489054802174
ाहृ,11,0.0005586875920564783
िचा,6,0.00030473868657626083
ुजे,1,5.0789781096043474e-05
िशन,3,0.00015236934328813042
ापो,3,0.00015236934328813042
ंशि,3,0.00015236934328813042
ुखं,21,0.001066585403016913
ूरक,6,0.00030473868657626083
ाले,23,0.001168164965209
ीमै,1,5.0789781096043474e-05
ंसो,1,5.0789781096043474e-05
ोपज,1,5.0789781096043474e-05
ानभ,6,0.00030473868657626083
ेति,40,0.002031591243841739
ामू,1,5.0789781096043474e-05
ूचु,2,0.00010157956219208695
िजस,4,0.0002031591243841739
ूषा,4,0.0002031591243841739
ीदन,5,0.0002539489054802174
ीरे,8,0.0004063182487683478
ुला,13,0.0006602671542485652
ीदृ,7,0.00035552846767230434
ृशै,1,5.0789781096043474e-05
ैरह,1,5.0789781096043474e-05
ेयै,2,0.00010157956219208695
ोमी,2,0.00010157956219208695
िधौ,2,0.00010157956219208695
ेतै,5,0.0002539489054802174
ागि,4,0.0002031591243841739
ूपि,19,0.000965005840824826
ृढं,5,0.0002539489054802174
ोमक,1,5.0789781096043474e-05
ानघ,4,0.0002031591243841739
ापं,17,0.0008634262786327391
ाथा,4,0.0002031591243841739
ालन,5,0.0002539489054802174
ीवम,4,0.0002031591243841739
िशे,8,0.0004063182487683478
ेहि,10,0.0005078978109604348
ुनः,31,0.0015744832139773478
ौहा,3,0.00015236934328813042
ुरू,16,0.0008126364975366956
िणी,19,0.000965005840824826
ीयस,11,0.0005586875920564783
िलर,1,5.0789781096043474e-05
ुमध,10,0.0005078978109604348
ुजग,3,0.00015236934328813042
ैलप,2,0.00010157956219208695
ीपु,3,0.00015236934328813042
ुलि,4,0.0002031591243841739
िनच,1,5.0789781096043474e-05
ूथब,1,5.0789781096043474e-05
ुमव,3,0.00015236934328813042
ूरम,5,0.0002539489054802174
ाकं,7,0.00035552846767230434
ूथै,2,0.00010157956219208695
ैरल,1,5.0789781096043474e-05
ंसक,6,0.00030473868657626083
ादम,2,0.00010157956219208695
ीतव,5,0.0002539489054802174
ोषो,1,5.0789781096043474e-05
ौतू,4,0.0002031591243841739
ूहल,4,0.0002031591243841739
ाधु,15,0.0007618467164406522
ेदव,1,5.0789781096043474e-05
िगु,5,0.0002539489054802174
ेनै,19,0.000965005840824826
ेपे,1,5.0789781096043474e-05
ोगम,4,0.0002031591243841739
ंवि,6,0.00030473868657626083
िवौ,2,0.00010157956219208695
ौकस,2,0.00010157956219208695
ोवि,7,0.00035552846767230434
ेवै,6,0.00030473868657626083
ियो,15,0.0007618467164406522
ोजि,3,0.00015236934328813042
ावर,32,0.0016252729950733912
ीतो,9,0.0004571080298643913
ाके,1,5.0789781096043474e-05
ृहम,2,0.00010157956219208695
िवस,11,0.0005586875920564783
ोयो,2,0.00010157956219208695
ौवन,2,0.00010157956219208695
ीडम,1,5.0789781096043474e-05
ूषण,49,0.0024886992737061303
ीतश,5,0.0002539489054802174
ोहर,6,0.00030473868657626083
ीमत,9,0.0004571080298643913
ुषि,10,0.0005078978109604348
िदश,7,0.00035552846767230434
ेकं,3,0.00015236934328813042
ंवत,3,0.00015236934328813042
ाधि,48,0.0024379094926100867
िकं,4,0.0002031591243841739
ादप,20,0.0010157956219208695
ानष,1,5.0789781096043474e-05
ंवस,1,5.0789781096043474e-05
ुकू,2,0.00010157956219208695
ाजग,5,0.0002539489054802174
िनय,3,0.00015236934328813042
ाचि,16,0.0008126364975366956
ीनस,11,0.0005586875920564783
ानग,9,0.0004571080298643913
िसत,5,0.0002539489054802174
ेशं,11,0.0005586875920564783
ुजस,6,0.00030473868657626083
ेयम,9,0.0004571080298643913
ादय,15,0.0007618467164406522
ोरथ,5,0.0002539489054802174
ृदि,4,0.0002031591243841739
ूषे,1,5.0789781096043474e-05
ुका,16,0.0008126364975366956
िदा,16,0.0008126364975366956
ीमर,3,0.00015236934328813042
ीषि,1,5.0789781096043474e-05
ागस,4,0.0002031591243841739
िणे,3,0.00015236934328813042
ाको,4,0.0002031591243841739
ैका,2,0.00010157956219208695
ृते,20,0.0010157956219208695
ेशो,4,0.0002031591243841739
ुलः,2,0.00010157956219208695
ुमग,2,0.00010157956219208695
ोचय,7,0.00035552846767230434
ितश,11,0.0005586875920564783
ोपद,3,0.00015236934328813042
ंहृ,10,0.0005078978109604348
ूनं,19,0.000965005840824826
ादस,5,0.0002539489054802174
ुको,1,5.0789781096043474e-05
ैडू,6,0.00030473868657626083
िखर,7,0.00035552846767230434
ूमा,4,0.0002031591243841739
ृतस,7,0.00035552846767230434
िजा,18,0.0009142160597287826
ातय,14,0.0007110569353446087
ोपह,8,0.0004063182487683478
ुसु,6,0.00030473868657626083
ितै,28,0.0014221138706892174
ूनम,8,0.0004063182487683478
ेयं,25,0.001269744527401087
ूपम,16,0.0008126364975366956
ृणः,2,0.00010157956219208695
ेषर,2,0.00010157956219208695
ोजय,7,0.00035552846767230434
ेषव,1,5.0789781096043474e-05
िनि,58,0.0029458073035705215
ाशि,15,0.0007618467164406522
ंहत,4,0.0002031591243841739
ुभू,1,5.0789781096043474e-05
ुरः,2,0.00010157956219208695
ोदक,14,0.0007110569353446087
ादन,12,0.0006094773731525217
िधन,4,0.0002031591243841739
ेभे,7,0.00035552846767230434
ानल,5,0.0002539489054802174
ाकव,1,5.0789781096043474e-05
ुकम,3,0.00015236934328813042
ावल,3,0.00015236934328813042
ोकय,7,0.00035552846767230434
ीवा,8,0.0004063182487683478
िबि,3,0.00015236934328813042
ूका,5,0.0002539489054802174
ामश,21,0.001066585403016913
ारप,8,0.0004063182487683478
िहस,1,5.0789781096043474e-05
िमृ,5,0.0002539489054802174
ीपस,1,5.0789781096043474e-05
ाजी,3,0.00015236934328813042
ीवल,4,0.0002031591243841739
ूरस,11,0.0005586875920564783
ातो,14,0.0007110569353446087
ापह,10,0.0005078978109604348
ुलव,1,5.0789781096043474e-05
ूथश,1,5.0789781096043474e-05
ेदम,8,0.0004063182487683478
िगि,2,0.00010157956219208695
ोपभ,2,0.00010157956219208695
ैरा,11,0.0005586875920564783
ैला,10,0.0005078978109604348
ुषस,4,0.0002031591243841739
ुतक,1,5.0789781096043474e-05
ीतज,1,5.0789781096043474e-05
ाधय,2,0.00010157956219208695
ेषं,3,0.00015236934328813042
ासत,9,0.0004571080298643913
ीवे,4,0.0002031591243841739
ृषा,2,0.00010157956219208695
ादी,5,0.0002539489054802174
ूरो,5,0.0002539489054802174
ंसः,2,0.00010157956219208695
िधः,2,0.00010157956219208695
ानै,5,0.0002539489054802174
ैजस,1,5.0789781096043474e-05
िभै,1,5.0789781096043474e-05
ेहै,1,5.0789781096043474e-05
ूतै,3,0.00015236934328813042
ुभै,1,5.0789781096043474e-05
ुजः,11,0.0005586875920564783
ूलश,2,0.00010157956219208695
ृशा,8,0.0004063182487683478
ेमौ,3,0.00015236934328813042
ातौ,3,0.00015236934328813042
िरस,20,0.0010157956219208695
ीपं,4,0.0002031591243841739
ासौ,3,0.00015236934328813042
ुमे,3,0.00015236934328813042
ोमस,5,0.0002539489054802174
ौबे,3,0.00015236934328813042
ेरम,3,0.00015236934328813042
ायो,16,0.0008126364975366956
ागर,17,0.0008634262786327391
ाजस,7,0.00035552846767230434
ाशह,6,0.00030473868657626083
ुणस,5,0.0002539489054802174
िरप,5,0.0002539489054802174
ामत,6,0.00030473868657626083
ानृ,9,0.0004571080298643913
ावग,3,0.00015236934328813042
ुरग,7,0.00035552846767230434
ीतस,7,0.00035552846767230434
िथी,2,0.00010157956219208695
ुःस,1,5.0789781096043474e-05
ःसा,1,5.0789781096043474e-05
ोकस,16,0.0008126364975366956
ेमर,2,0.00010157956219208695
िभू,20,0.0010157956219208695
ूषि,20,0.0010157956219208695
ोघस,1,5.0789781096043474e-05
ायक,18,0.0009142160597287826
ारज,2,0.00010157956219208695
ोशो,2,0.00010157956219208695
ेमव,6,0.00030473868657626083
ुधम,2,0.00010157956219208695
ेदो,1,5.0789781096043474e-05
ाधत,1,5.0789781096043474e-05
ुरश,1,5.0789781096043474e-05
ःखै,2,0.00010157956219208695
ेहप,1,5.0789781096043474e-05
ोदि,15,0.0007618467164406522
ैषा,6,0.00030473868657626083
ृतव,8,0.0004063182487683478
ुगच,7,0.00035552846767230434
ासृ,1,5.0789781096043474e-05
ुरज,1,5.0789781096043474e-05
ोलत,1,5.0789781096043474e-05
ूडा,1,5.0789781096043474e-05
ोषै,1,5.0789781096043474e-05
ेवी,8,0.0004063182487683478
ेशश,3,0.00015236934328813042
ुगृ,2,0.00010157956219208695
ातृ,4,0.0002031591243841739
ृभा,1,5.0789781096043474e-05
ीरत,5,0.0002539489054802174
ुमू,2,0.00010157956219208695
ुमृ,2,0.00010157956219208695
ृगश,6,0.00030473868657626083
ृदय,12,0.0006094773731525217
ूमि,10,0.0005078978109604348
ीमि,12,0.0006094773731525217
ाघन,1,5.0789781096043474e-05
ूरे,9,0.0004571080298643913
ारश,8,0.0004063182487683478
ालक,16,0.0008126364975366956
ोधम,9,0.0004571080298643913
ृतप,6,0.00030473868657626083
िवन,1,5.0789781096043474e-05
ीतच,2,0.00010157956219208695
िषक,1,5.0789781096043474e-05
ूणौ,1,5.0789781096043474e-05
ागौ,1,5.0789781096043474e-05
ीणय,1,5.0789781096043474e-05
ृसख,1,5.0789781096043474e-05
ापत,14,0.0007110569353446087
िगद,1,5.0789781096043474e-05
ृणु,12,0.0006094773731525217
ेषश,1,5.0789781096043474e-05
ाणु,1,5.0789781096043474e-05
ूलह,1,5.0789781096043474e-05
ेमि,2,0.00010157956219208695
िमः,1,5.0789781096043474e-05
ूवु,5,0.0002539489054802174
ुरि,9,0.0004571080298643913
ुहि,6,0.00030473868657626083
ितर,7,0.00035552846767230434
ामष,1,5.0789781096043474e-05
ुमप,4,0.0002031591243841739
ोधव,4,0.0002031591243841739
ीतः,3,0.00015236934328813042
ुजर,3,0.00015236934328813042
ंशद,3,0.00015236934328813042
िंद,1,5.0789781096043474e-05
ंदम,1,5.0789781096043474e-05
िनौ,2,0.00010157956219208695
ुमत,3,0.00015236934328813042
ंचै,1,5.0789781096043474e-05
ेनी,3,0.00015236934328813042
ृतर,2,0.00010157956219208695
ुकी,6,0.00030473868657626083
ुषु,1,5.0789781096043474e-05
ैता,8,0.0004063182487683478
ीतु,3,0.00015236934328813042
िजज,4,0.0002031591243841739
िनत,4,0.0002031591243841739
ृगी,4,0.0002031591243841739
ृगम,12,0.0006094773731525217
ातङ,4,0.0002031591243841739
ूली,2,0.00010157956219208695
ुरभ,5,0.0002539489054802174
ृमर,2,0.00010157956219208695
ागज,3,0.00015236934328813042
ोला,2,0.00010157956219208695
ोहि,20,0.0010157956219208695
ावो,5,0.0002539489054802174
ीपौ,1,5.0789781096043474e-05
ागं,5,0.0002539489054802174
ीधर,1,5.0789781096043474e-05
ुडो,1,5.0789781096043474e-05
ृगर,15,0.0007618467164406522
ुषं,27,0.0013713240895931737
िधक,3,0.00015236934328813042
ीदे,1,5.0789781096043474e-05
ेशस,3,0.00015236934328813042
ुणो,6,0.00030473868657626083
ादृ,8,0.0004063182487683478
ृशो,4,0.0002031591243841739
ामण,8,0.0004063182487683478
ुशो,10,0.0005078978109604348
ेशम,6,0.00030473868657626083
िमब,4,0.0002031591243841739
ाशै,4,0.0002031591243841739
िगन,4,0.0002031591243841739
ातख,1,5.0789781096043474e-05
ातम,4,0.0002031591243841739
ूथप,4,0.0002031591243841739
िपी,8,0.0004063182487683478
ूरन,1,5.0789781096043474e-05
ंशव,2,0.00010157956219208695
ुकन,4,0.0002031591243841739
िरय,4,0.0002031591243841739
ौवर,5,0.0002539489054802174
ूरप,2,0.00010157956219208695
िशै,2,0.00010157956219208695
ैरश,2,0.00010157956219208695
ोकै,3,0.00015236934328813042
िलक,9,0.0004571080298643913
ेतक,5,0.0002539489054802174
ैरप,12,0.0006094773731525217
ोपे,6,0.00030473868657626083
ीपै,1,5.0789781096043474e-05
ासै,4,0.0002031591243841739
ुचै,2,0.00010157956219208695
िरै,1,5.0789781096043474e-05
ीकि,1,5.0789781096043474e-05
ुकप,1,5.0789781096043474e-05
ाटल,1,5.0789781096043474e-05
िजम,5,0.0002539489054802174
ेते,8,0.0004063182487683478
ीरह,2,0.00010157956219208695
ंशा,3,0.00015236934328813042
ोभन,12,0.0006094773731525217
ीशा,1,5.0789781096043474e-05
ाखा,7,0.00035552846767230434
ृढप,1,5.0789781096043474e-05
ावप,7,0.00035552846767230434
ुशक,1,5.0789781096043474e-05
ाशश,3,0.00015236934328813042
ीकृ,8,0.0004063182487683478
ृतत,3,0.00015236934328813042
ाढं,2,0.00010157956219208695
ृतज,4,0.0002031591243841739
ेमन,2,0.00010157956219208695
ालः,3,0.00015236934328813042
ंवद,1,5.0789781096043474e-05
ुभः,2,0.00010157956219208695
ीहा,4,0.0002031591243841739
ुषो,5,0.0002539489054802174
ोकः,1,5.0789781096043474e-05
िवी,5,0.0002539489054802174
ुपभ,2,0.00010157956219208695
ुभग,2,0.00010157956219208695
ाहन,7,0.00035552846767230434
ूजा,1,5.0789781096043474e-05
ृदे,1,5.0789781096043474e-05
ेवत,16,0.0008126364975366956
ीपा,1,5.0789781096043474e-05
िजि,5,0.0002539489054802174
िगी,1,5.0789781096043474e-05
ीषव,1,5.0789781096043474e-05
िही,9,0.0004571080298643913
ीनत,2,0.00010157956219208695
ाशत,6,0.00030473868657626083
िमक,1,5.0789781096043474e-05
ोशा,1,5.0789781096043474e-05
िमव,4,0.0002031591243841739
ासल,2,0.00010157956219208695
िलद,1,5.0789781096043474e-05
ृदु,8,0.0004063182487683478
िमध,2,0.00010157956219208695
िसा,4,0.0002031591243841739
ौभा,1,5.0789781096043474e-05
िमो,3,0.00015236934328813042
ुणश,1,5.0789781096043474e-05
ोधू,1,5.0789781096043474e-05
ूमव,2,0.00010157956219208695
ाकृ,15,0.0007618467164406522
ूखै,1,5.0789781096043474e-05
ृतै,5,0.0002539489054802174
ुखः,3,0.00015236934328813042
ायन,4,0.0002031591243841739
ीतम,5,0.0002539489054802174
ुदक,3,0.00015236934328813042
िरद,4,0.0002031591243841739
ंहर,3,0.00015236934328813042
िहग,5,0.0002539489054802174
िलम,2,0.00010157956219208695
ोनद,1,5.0789781096043474e-05
ारत,7,0.00035552846767230434
ाजय,7,0.00035552846767230434
ुतव,1,5.0789781096043474e-05
ालु,3,0.00015236934328813042
ुकै,3,0.00015236934328813042
ीरै,3,0.00015236934328813042
ादग,1,5.0789781096043474e-05
ाजर,4,0.0002031591243841739
ैशश,1,5.0789781096043474e-05
ेसर,1,5.0789781096043474e-05
िकै,5,0.0002539489054802174
ालष,1,5.0789781096043474e-05
ःखस,4,0.0002031591243841739
ेला,2,0.00010157956219208695
ोचि,5,0.0002539489054802174
ीरश,4,0.0002031591243841739
ुदर,7,0.00035552846767230434
ेधो,1,5.0789781096043474e-05
ाषी,1,5.0789781096043474e-05
ुरर,6,0.00030473868657626083
ृकं,1,5.0789781096043474e-05
िपद,8,0.0004063182487683478
ादो,3,0.00015236934328813042
ेयी,10,0.0005078978109604348
ृशी,6,0.00030473868657626083
ूरश,3,0.00015236934328813042
ीलि,2,0.00010157956219208695
ेवे,3,0.00015236934328813042
ुना,15,0.0007618467164406522
ासे,9,0.0004571080298643913
ेहस,1,5.0789781096043474e-05
िशी,4,0.0002031591243841739
ृतक,12,0.0006094773731525217
िलै,2,0.00010157956219208695
ैवत,6,0.00030473868657626083
ेकस,4,0.0002031591243841739
िती,3,0.00015236934328813042
ेको,5,0.0002539489054802174
ेशः,1,5.0789781096043474e-05
ीती,1,5.0789781096043474e-05
ुखि,3,0.00015236934328813042
िरर,6,0.00030473868657626083
ीवस,6,0.00030473868657626083
िंह,24,0.0012189547463050433
ंहो,2,0.00010157956219208695
िभे,13,0.0006602671542485652
ुबा,2,0.00010157956219208695
िवव,2,0.00010157956219208695
ीवर,2,0.00010157956219208695
ृशप,1,5.0789781096043474e-05
ूवे,1,5.0789781096043474e-05
ुखी,6,0.00030473868657626083
िरू,27,0.0013713240895931737
ुके,5,0.0002539489054802174
ुणं,16,0.0008126364975366956
ामभ,17,0.0008634262786327391
ीरज,1,5.0789781096043474e-05
ापध,1,5.0789781096043474e-05
िमं,10,0.0005078978109604348
ुबु,1,5.0789781096043474e-05
ितय,3,0.00015236934328813042
िदप,4,0.0002031591243841739
ेषे,4,0.0002031591243841739
ीजन,2,0.00010157956219208695
िहा,44,0.002234750368225913
िंन,1,5.0789781096043474e-05
ूहि,8,0.0004063182487683478
ामी,10,0.0005078978109604348
ीदम,1,5.0789781096043474e-05
ावण,134,0.0068058306668698255
िभी,3,0.00015236934328813042
ीषण,3,0.00015236934328813042
ातव,10,0.0005078978109604348
ृतद,3,0.00015236934328813042
ःखा,8,0.0004063182487683478
ानक,5,0.0002539489054802174
ुणः,6,0.00030473868657626083
ूपश,3,0.00015236934328813042
ेरु,4,0.0002031591243841739
िसृ,8,0.0004063182487683478
िदः,4,0.0002031591243841739
ीषु,3,0.00015236934328813042
ावं,8,0.0004063182487683478
ेमा,7,0.00035552846767230434
ृशे,5,0.0002539489054802174
ाशप,3,0.00015236934328813042
ुपि,9,0.0004571080298643913
ूरै,2,0.00010157956219208695
ीवत,6,0.00030473868657626083
ूपय,1,5.0789781096043474e-05
ाघो,7,0.00035552846767230434
ोयद,2,0.00010157956219208695
ाहू,9,0.0004571080298643913
ोहम,3,0.00015236934328813042
ूपण,1,5.0789781096043474e-05
ोधस,4,0.0002031591243841739
ोहं,1,5.0789781096043474e-05
ीनम,8,0.0004063182487683478
ाशी,7,0.00035552846767230434
ुदत,6,0.00030473868657626083
ीलय,3,0.00015236934328813042
ालप,9,0.0004571080298643913
ासज,1,5.0789781096043474e-05
ामग,11,0.0005586875920564783
ेवग,9,0.0004571080298643913
ावी,13,0.0006602671542485652
ाकश,2,0.00010157956219208695
िबन,1,5.0789781096043474e-05
ंकृ,3,0.00015236934328813042
ंसम,3,0.00015236934328813042
ापक,13,0.0006602671542485652
ृपण,1,5.0789781096043474e-05
ुणौ,1,5.0789781096043474e-05
ीकव,2,0.00010157956219208695
िमौ,3,0.00015236934328813042
ेवौ,2,0.00010157956219208695
ुषौ,4,0.0002031591243841739
ुणी,3,0.00015236934328813042
ामध,5,0.0002539489054802174
ृजु,4,0.0002031591243841739
ोरह,2,0.00010157956219208695
िबे,2,0.00010157956219208695
ेरि,4,0.0002031591243841739
ुदग,3,0.00015236934328813042
ेकु,1,5.0789781096043474e-05
ाचच,3,0.00015236934328813042
ीकर,1,5.0789781096043474e-05
ुपह,2,0.00010157956219208695
ंसथ,1,5.0789781096043474e-05
ोगे,6,0.00030473868657626083
ुधः,5,0.0002539489054802174
ोपा,8,0.0004063182487683478
ाचं,2,0.00010157956219208695
ूलप,4,0.0002031591243841739
ाकम,6,0.00030473868657626083
िघै,2,0.00010157956219208695
िसै,3,0.00015236934328813042
िखा,6,0.00030473868657626083
ुनस,11,0.0005586875920564783
ृजद,1,5.0789781096043474e-05
ुहु,11,0.0005586875920564783
ुचे,1,5.0789781096043474e-05
िषण,7,0.00035552846767230434
िखि,4,0.0002031591243841739
ुरक,6,0.00030473868657626083
ेतच,2,0.00010157956219208695
ोतु,1,5.0789781096043474e-05
ाथे,2,0.00010157956219208695
िनर,2,0.00010157956219208695
ुठस,1,5.0789781096043474e-05
ैषी,1,5.0789781096043474e-05
ीदा,1,5.0789781096043474e-05
ीमह,2,0.00010157956219208695
ृतश,5,0.0002539489054802174
ौघप,2,0.00010157956219208695
ेषि,8,0.0004063182487683478
िहन,5,0.0002539489054802174
ुले,5,0.0002539489054802174
ोपि,2,0.00010157956219208695
ुलप,5,0.0002539489054802174
ृशस,3,0.00015236934328813042
ातत,7,0.00035552846767230434
ूतो,2,0.00010157956219208695
ृशद,2,0.00010157956219208695
ःखि,14,0.0007110569353446087
ावम,7,0.00035552846767230434
ीमव,5,0.0002539489054802174
ीलज,4,0.0002031591243841739
ीमू,5,0.0002539489054802174
ूतव,1,5.0789781096043474e-05
ोकह,2,0.00010157956219208695
ूलद,1,5.0789781096043474e-05
ौजस,6,0.00030473868657626083
ुदी,6,0.00030473868657626083
ूंष,2,0.00010157956219208695
ंषि,2,0.00010157956219208695
ौलस,5,0.0002539489054802174
ेमच,1,5.0789781096043474e-05
ैदू,2,0.00010157956219208695
ूबर,1,5.0789781096043474e-05
ैलै,1,5.0789781096043474e-05
ंशस,1,5.0789781096043474e-05
ंपर,2,0.00010157956219208695
ोरव,2,0.00010157956219208695
ुधध,3,0.00015236934328813042
ोरच,1,5.0789781096043474e-05
ाजव,6,0.00030473868657626083
ोमर,3,0.00015236934328813042
ैरत,4,0.0002031591243841739
ुसल,1,5.0789781096043474e-05
ीतै,1,5.0789781096043474e-05
ीमद,2,0.00010157956219208695
ुघो,4,0.0002031591243841739
ुघा,2,0.00010157956219208695
ापू,4,0.0002031591243841739
िशश,4,0.0002031591243841739
िशस,3,0.00015236934328813042
िपो,3,0.00015236934328813042
ेषण,3,0.00015236934328813042
ातच,1,5.0789781096043474e-05
ेमद,1,5.0789781096043474e-05
ृगप,7,0.00035552846767230434
ोयश,1,5.0789781096043474e-05
ाहक,2,0.00010157956219208695
ोमह,9,0.0004571080298643913
िशो,8,0.0004063182487683478
ुशु,7,0.00035552846767230434
ोरन,2,0.00010157956219208695
िदर,5,0.0002539489054802174
ुरप,3,0.00015236934328813042
ुतश,3,0.00015236934328813042
ोतस,1,5.0789781096043474e-05
ंली,1,5.0789781096043474e-05
ीनव,3,0.00015236934328813042
ूतश,1,5.0789781096043474e-05
ेणु,3,0.00015236934328813042
ीची,3,0.00015236934328813042
ीकू,1,5.0789781096043474e-05
ूची,1,5.0789781096043474e-05
ैलव,1,5.0789781096043474e-05
ाटे,4,0.0002031591243841739
िपर,6,0.00030473868657626083
ाचम,3,0.00015236934328813042
ीयु,2,0.00010157956219208695
ोचु,3,0.00015236934328813042
ातक,2,0.00010157956219208695
ूयो,3,0.00015236934328813042
ेनग,2,0.00010157956219208695
ृथु,4,0.0002031591243841739
ीवो,12,0.0006094773731525217
िहङ,3,0.00015236934328813042
ुषः,5,0.0002539489054802174
ुकः,3,0.00015236934328813042
ाली,11,0.0005586875920564783
ादश,8,0.0004063182487683478
ैते,4,0.0002031591243841739
ाथी,3,0.00015236934328813042
ीरस,6,0.00030473868657626083
ोघो,1,5.0789781096043474e-05
िरध,2,0.00010157956219208695
ृजन,6,0.00030473868657626083
ेघा,3,0.00015236934328813042
िनन,4,0.0002031591243841739
िचे,11,0.0005586875920564783
ंशय,16,0.0008126364975366956
ुरम,9,0.0004571080298643913
ाणो,12,0.0006094773731525217
िकर,11,0.0005586875920564783
ोरश,4,0.0002031591243841739
ेरी,1,5.0789781096043474e-05
ुभम,6,0.00030473868657626083
ुषे,6,0.00030473868657626083
िपश,3,0.00015236934328813042
ुहा,12,0.0006094773731525217
ैलस,4,0.0002031591243841739
िकू,6,0.00030473868657626083
ूलि,1,5.0789781096043474e-05
िधू,7,0.00035552846767230434
ूमो,3,0.00015236934328813042
ूवा,7,0.00035552846767230434
िशः,2,0.00010157956219208695
ेयु,2,0.00010157956219208695
ीरन,3,0.00015236934328813042
ीकं,3,0.00015236934328813042
ृजत,3,0.00015236934328813042
िगर,6,0.00030473868657626083
ुभी,5,0.0002539489054802174
ींश,4,0.0002031591243841739
ुतु,1,5.0789781096043474e-05
ुलश,2,0.00010157956219208695
ापद,3,0.00015236934328813042
ुवु,2,0.00010157956219208695
ृतन,2,0.00010157956219208695
ीमं,4,0.0002031591243841739
ानव,17,0.0008634262786327391
ीलम,2,0.00010157956219208695
ीमध,2,0.00010157956219208695
ैरभ,2,0.00010157956219208695
ोषत,2,0.00010157956219208695
ाहस,3,0.00015236934328813042
ंसव,1,5.0789781096043474e-05
ैले,2,0.00010157956219208695
िषद,1,5.0789781096043474e-05
ोघा,1,5.0789781096043474e-05
ालद,1,5.0789781096043474e-05
ानज,1,5.0789781096043474e-05
ुसै,2,0.00010157956219208695
ेजु,2,0.00010157956219208695
ेया,3,0.00015236934328813042
ुरत,5,0.0002539489054802174
ानू,4,0.0002031591243841739
ूरू,2,0.00010157956219208695
ाती,2,0.00010157956219208695
ीकन,3,0.00015236934328813042
ाचै,5,0.0002539489054802174
ीमम,3,0.00015236934328813042
ैरर,3,0.00015236934328813042
ेचि,1,5.0789781096043474e-05
ोधर,3,0.00015236934328813042
ालत,3,0.00015236934328813042
ालश,1,5.0789781096043474e-05
ादत,4,0.0002031591243841739
ीमु,4,0.0002031591243841739
ाशम,10,0.0005078978109604348
ृणो,3,0.00015236934328813042
ुगप,3,0.00015236934328813042
ीषै,1,5.0789781096043474e-05
ारू,4,0.0002031591243841739
ूपै,1,5.0789781096043474e-05
ैवि,1,5.0789781096043474e-05
िपम,11,0.0005586875920564783
ेकश,2,0.00010157956219208695
ृमा,1,5.0789781096043474e-05
ाणह,1,5.0789781096043474e-05
िमी,1,5.0789781096043474e-05
ोधं,2,0.00010157956219208695
ेजे,2,0.00010157956219208695
ुदू,4,0.0002031591243841739
िकल,3,0.00015236934328813042
िघं,2,0.00010157956219208695
ोपु,1,5.0789781096043474e-05
ुरद,1,5.0789781096043474e-05
ायः,1,5.0789781096043474e-05
िघश,1,5.0789781096043474e-05
ुसा,2,0.00010157956219208695
ानत,5,0.0002539489054802174
ालस,12,0.0006094773731525217
िरश,1,5.0789781096043474e-05
ौघै,5,0.0002539489054802174
ाथि,1,5.0789781096043474e-05
िटप,4,0.0002031591243841739
ुमः,2,0.00010157956219208695
ुगः,1,5.0789781096043474e-05
ेनय,1,5.0789781096043474e-05
ुषम,7,0.00035552846767230434
िदु,9,0.0004571080298643913
ैनि,1,5.0789781096043474e-05
ेशै,1,5.0789781096043474e-05
ंसश,2,0.00010157956219208695
ेके,8,0.0004063182487683478
ेषो,1,5.0789781096043474e-05
ूदन,3,0.00015236934328813042
ुधं,3,0.00015236934328813042
ालभ,1,5.0789781096043474e-05
िको,6,0.00030473868657626083
ोभा,5,0.0002539489054802174
ियु,2,0.00010157956219208695
ूहा,3,0.00015236934328813042
िधु,1,5.0789781096043474e-05
ंहक,1,5.0789781096043474e-05
ाडि,4,0.0002031591243841739
ंरब,7,0.00035552846767230434
ेदृ,1,5.0789781096043474e-05
ापग,2,0.00010157956219208695
िषो,3,0.00015236934328813042
ोवक,1,5.0789781096043474e-05
ामब,5,0.0002539489054802174
िसह,3,0.00015236934328813042
ोदू,1,5.0789781096043474e-05
ंसु,4,0.0002031591243841739
ुबह,2,0.00010157956219208695
ुशश,2,0.00010157956219208695
िसर,1,5.0789781096043474e-05
ंरम,1,5.0789781096043474e-05
ुभय,2,0.00010157956219208695
ौरु,5,0.0002539489054802174
ेने,14,0.0007110569353446087
ंहम,2,0.00010157956219208695
ंहव,4,0.0002031591243841739
िजत,1,5.0789781096043474e-05
ंहः,3,0.00015236934328813042
ृगं,3,0.00015236934328813042
िबर,3,0.00015236934328813042
ीयो,4,0.0002031591243841739
ासष,1,5.0789781096043474e-05
ंसू,2,0.00010157956219208695
ोदश,3,0.00015236934328813042
िरव,1,5.0789781096043474e-05
ुपू,5,0.0002539489054802174
ोकज,2,0.00010157956219208695
ुगु,2,0.00010157956219208695
ेजन,1,5.0789781096043474e-05
ाणः,5,0.0002539489054802174
ीकम,1,5.0789781096043474e-05
ालफ,6,0.00030473868657626083
ंसस,5,0.0002539489054802174
ियप,3,0.00015236934328813042
िकत,2,0.00010157956219208695
ुशा,3,0.00015236934328813042
ामच,2,0.00010157956219208695
ौषध,2,0.00010157956219208695
ृथा,7,0.00035552846767230434
ाणव,2,0.00010157956219208695
ितल,2,0.00010157956219208695
िनष,7,0.00035552846767230434
ीचस,4,0.0002031591243841739
ीलस,3,0.00015236934328813042
ेनब,1,5.0789781096043474e-05
ुदभ,1,5.0789781096043474e-05
ुजद,1,5.0789781096043474e-05
ोकर,3,0.00015236934328813042
ूपक,2,0.00010157956219208695
ृशः,2,0.00010157956219208695
ोषा,9,0.0004571080298643913
ुवश,2,0.00010157956219208695
ंरु,2,0.00010157956219208695
ुटी,2,0.00010157956219208695
ाटय,2,0.00010157956219208695
ंदश,1,5.0789781096043474e-05
ोषम,2,0.00010157956219208695
ेदस,2,0.00010157956219208695
ेनि,1,5.0789781096043474e-05
ोयध,1,5.0789781096043474e-05
ाजे,3,0.00015236934328813042
ंदध,1,5.0789781096043474e-05
ेणे,5,0.0002539489054802174
ुरन,7,0.00035552846767230434
ृषु,1,5.0789781096043474e-05
िजय,2,0.00010157956219208695
ुहन,2,0.00010157956219208695
िषस,3,0.00015236934328813042
ोगण,2,0.00010157956219208695
ादक,2,0.00010157956219208695
ेगे,11,0.0005586875920564783
िदह,1,5.0789781096043474e-05
ीवः,5,0.0002539489054802174
ीवं,8,0.0004063182487683478
ाचत,4,0.0002031591243841739
ंहस,5,0.0002539489054802174
ृषस,1,5.0789781096043474e-05
ुयश,1,5.0789781096043474e-05
िपः,17,0.0008634262786327391
ागे,3,0.00015236934328813042
िदक,1,5.0789781096043474e-05
ूपो,4,0.0002031591243841739
िलो,5,0.0002539489054802174
ारग,3,0.00015236934328813042
ावय,2,0.00010157956219208695
िभु,1,5.0789781096043474e-05
िधम,4,0.0002031591243841739
ापज,2,0.00010157956219208695
ुरै,5,0.0002539489054802174
ैकम,1,5.0789781096043474e-05
िभक,3,0.00015236934328813042
ांत,2,0.00010157956219208695
ापु,4,0.0002031591243841739
ाटक,3,0.00015236934328813042
ीचे,8,0.0004063182487683478
ैरम,5,0.0002539489054802174
ुषै,3,0.00015236934328813042
ीचो,13,0.0006602671542485652
ीहि,3,0.00015236934328813042
ोलो,1,5.0789781096043474e-05
ाहय,1,5.0789781096043474e-05
ापथ,3,0.00015236934328813042
िजन,6,0.00030473868657626083
ोमद,1,5.0789781096043474e-05
ितद,3,0.00015236934328813042
ंधि,1,5.0789781096043474e-05
िदग,1,5.0789781096043474e-05
ोमृ,2,0.00010157956219208695
ृगह,1,5.0789781096043474e-05
ृसि,2,0.00010157956219208695
ोधय,3,0.00015236934328813042
ुजव,2,0.00010157956219208695
ेगप,1,5.0789781096043474e-05
ौघे,1,5.0789781096043474e-05
िघो,2,0.00010157956219208695
ोरे,5,0.0002539489054802174
ृहो,2,0.00010157956219208695
िवै,6,0.00030473868657626083
ूरं,7,0.00035552846767230434
ुरव,7,0.00035552846767230434
ाणग,1,5.0789781096043474e-05
ुजं,2,0.00010157956219208695
ीयप,2,0.00010157956219208695
ालव,3,0.00015236934328813042
ाजल,1,5.0789781096043474e-05
ुभु,1,5.0789781096043474e-05
ुचक,1,5.0789781096043474e-05
ातै,1,5.0789781096043474e-05
ोभण,1,5.0789781096043474e-05
ुकि,1,5.0789781096043474e-05
ासप,2,0.00010157956219208695
ैलश,1,5.0789781096043474e-05
ंभु,1,5.0789781096043474e-05
ुपज,1,5.0789781096043474e-05
ेवद,3,0.00015236934328813042
ाचप,2,0.00010157956219208695
ोशं,4,0.0002031591243841739
ोकभ,2,0.00010157956219208695
ूपव,1,5.0789781096043474e-05
ुलन,1,5.0789781096043474e-05
ालल,1,5.0789781096043474e-05
िरङ,2,0.00010157956219208695
ुशः,2,0.00010157956219208695
ावब,5,0.0002539489054802174
िवः,2,0.00010157956219208695
ाधी,4,0.0002031591243841739
ीपङ,1,5.0789781096043474e-05
ावश,4,0.0002031591243841739
ीनश,5,0.0002539489054802174
ीषे,5,0.0002539489054802174
ोशश,1,5.0789781096043474e-05
ोधि,1,5.0789781096043474e-05
िनं,2,0.00010157956219208695
ृणै,2,0.00010157956219208695
िपै,2,0.00010157956219208695
ीलश,1,5.0789781096043474e-05
ोधप,2,0.00010157956219208695
ुणद,3,0.00015236934328813042
िपन,5,0.0002539489054802174
ंवी,3,0.00015236934328813042
िंर,1,5.0789781096043474e-05
ंरू,4,0.0002031591243841739
ूपः,2,0.00010157956219208695
िंप,1,5.0789781096043474e-05
ुकं,1,5.0789781096043474e-05
ीवध,1,5.0789781096043474e-05
ुणत,1,5.0789781096043474e-05
िणो,3,0.00015236934328813042
ुसद,1,5.0789781096043474e-05
ियह,1,5.0789781096043474e-05
ेशी,3,0.00015236934328813042
ोरु,2,0.00010157956219208695
ीरि,2,0.00010157956219208695
िजी,1,5.0789781096043474e-05
िपय,1,5.0789781096043474e-05
िधे,3,0.00015236934328813042
िशङ,4,0.0002031591243841739
ुपल,5,0.0002539489054802174
िरब,3,0.00015236934328813042
ाचव,4,0.0002031591243841739
ेघप,2,0.00010157956219208695
ेतव,3,0.00015236934328813042
ंका,1,5.0789781096043474e-05
ुजो,1,5.0789781096043474e-05
ोया,2,0.00010157956219208695
ीभि,4,0.0002031591243841739
िमद,1,5.0789781096043474e-05
ाढक,1,5.0789781096043474e-05
ाषै,1,5.0789781096043474e-05
ामै,2,0.00010157956219208695
ीडा,3,0.00015236934328813042
ैढू,2,0.00010157956219208695
ाणत,1,5.0789781096043474e-05
ूणा,4,0.0002031591243841739
ुगन,2,0.00010157956219208695
िचस,1,5.0789781096043474e-05
ाढा,1,5.0789781096043474e-05
ापश,2,0.00010157956219208695
ुडश,1,5.0789781096043474e-05
ाषा,2,0.00010157956219208695
ुडस,1,5.0789781096043474e-05
ोभौ,2,0.00010157956219208695
ादव,3,0.00015236934328813042
ाखय,1,5.0789781096043474e-05
ोजा,1,5.0789781096043474e-05
ृतल,2,0.00010157956219208695
िनध,1,5.0789781096043474e-05
ीचं,6,0.00030473868657626083
ूया,2,0.00010157956219208695
ुखर,1,5.0789781096043474e-05
ोषे,3,0.00015236934328813042
ीलः,2,0.00010157956219208695
ृभि,1,5.0789781096043474e-05
ायज,1,5.0789781096043474e-05
ृगो,13,0.0006602671542485652
ोरप,5,0.0002539489054802174
िलि,5,0.0002539489054802174
िहञ,1,5.0789781096043474e-05
ृतभ,1,5.0789781096043474e-05
ुदै,2,0.00010157956219208695
ुलभ,1,5.0789781096043474e-05
ियव,2,0.00010157956219208695
ियस,2,0.00010157956219208695
ासङ,1,5.0789781096043474e-05
ुशम,1,5.0789781096043474e-05
ादः,1,5.0789781096043474e-05
ीलो,2,0.00010157956219208695
ीनः,3,0.00015236934328813042
ियक,4,0.0002031591243841739
ाधृ,1,5.0789781096043474e-05
ापख,2,0.00010157956219208695
ापब,1,5.0789781096043474e-05
ोजस,4,0.0002031591243841739
ोसल,2,0.00010157956219208695
ूनु,2,0.00010157956219208695
ूयश,1,5.0789781096043474e-05
ीटी,1,5.0789781096043474e-05
ुरङ,1,5.0789781096043474e-05
ूंस,1,5.0789781096043474e-05
ूवो,2,0.00010157956219208695
िखी,2,0.00010157956219208695
ालच,4,0.0002031591243841739
िमभ,1,5.0789781096043474e-05
ेतन,11,0.0005586875920564783
ाजो,6,0.00030473868657626083
ुचय,1,5.0789781096043474e-05
ापै,1,5.0789781096043474e-05
ागह,1,5.0789781096043474e-05
ुहृ,6,0.00030473868657626083
ृदा,3,0.00015236934328813042
ीणब,1,5.0789781096043474e-05
ंसभ,1,5.0789781096043474e-05
ृगः,8,0.0004063182487683478
ोरो,1,5.0789781096043474e-05
िबं,1,5.0789781096043474e-05
ासय,5,0.0002539489054802174
िलन,1,5.0789781096043474e-05
ोमु,5,0.0002539489054802174
ूतम,2,0.00010157956219208695
ंजन,1,5.0789781096043474e-05
ाधव,5,0.0002539489054802174
ुया,3,0.00015236934328813042
ेदन,1,5.0789781096043474e-05
ाहे,2,0.00010157956219208695
ेतो,10,0.0005078978109604348
ीजम,1,5.0789781096043474e-05
ोषर,2,0.00010157956219208695
ृदो,1,5.0789781096043474e-05
ेकप,1,5.0789781096043474e-05
ूति,2,0.00010157956219208695
ौरा,1,5.0789781096043474e-05
ोषौ,1,5.0789781096043474e-05
ैनम,2,0.00010157956219208695
ौहृ,2,0.00010157956219208695
ूलस,1,5.0789781096043474e-05
ेधत,1,5.0789781096043474e-05
ुवो,2,0.00010157956219208695
ुपद,3,0.00015236934328813042
ूढं,2,0.00010157956219208695
ैगु,1,5.0789781096043474e-05
ीतर,1,5.0789781096043474e-05
ूलो,2,0.00010157956219208695
ाकत,1,5.0789781096043474e-05
िये,9,0.0004571080298643913
ैषि,2,0.00010157956219208695
ीनो,6,0.00030473868657626083
िंच,3,0.00015236934328813042
ंचर,1,5.0789781096043474e-05
ीमस,1,5.0789781096043474e-05
ीचः,1,5.0789781096043474e-05
ीचौ,1,5.0789781096043474e-05
ीरी,1,5.0789781096043474e-05
ीवृ,1,5.0789781096043474e-05
िचच,6,0.00030473868657626083
ुतद,1,5.0789781096043474e-05
ंचि,2,0.00010157956219208695
ीलद,1,5.0789781096043474e-05
ुवज,1,5.0789781096043474e-05
ूकन,1,5.0789781096043474e-05
िभप,1,5.0789781096043474e-05
ाशख,1,5.0789781096043474e-05
ुजङ,1,5.0789781096043474e-05
ुधस,2,0.00010157956219208695
ुशत,1,5.0789781096043474e-05
िसल,1,5.0789781096043474e-05
ीगृ,1,5.0789781096043474e-05
ृहक,1,5.0789781096043474e-05
ीवच,1,5.0789781096043474e-05
ीडं,1,5.0789781096043474e-05
िषी,4,0.0002031591243841739
ीदत,2,0.00010157956219208695
ांक,1,5.0789781096043474e-05
ृगत,3,0.00015236934328813042
ेचर,3,0.00015236934328813042
ृगव,4,0.0002031591243841739
ुभल,3,0.00015236934328813042
ावच,2,0.00010157956219208695
ुतन,1,5.0789781096043474e-05
ूरु,2,0.00010157956219208695
ुहम,1,5.0789781096043474e-05
ुनश,3,0.00015236934328813042
ीपय,2,0.00010157956219208695
ोणी,2,0.00010157956219208695
ूतौ,1,5.0789781096043474e-05
ृशत,4,0.0002031591243841739
िदो,1,5.0789781096043474e-05
िधो,2,0.00010157956219208695
ायै,4,0.0002031591243841739
ोतय,2,0.00010157956219208695
ःपु,4,0.0002031591243841739
ूनद,3,0.00015236934328813042
ृहा,2,0.00010157956219208695
ःपृ,1,5.0789781096043474e-05
िखो,1,5.0789781096043474e-05
ुखश,2,0.00010157956219208695
िभो,2,0.00010157956219208695
ंसह,1,5.0789781096043474e-05
िची,1,5.0789781096043474e-05
ादल,1,5.0789781096043474e-05
ेणी,1,5.0789781096043474e-05
ेदे,1,5.0789781096043474e-05
ेतौ,2,0.00010157956219208695
ृगौ,2,0.00010157956219208695
ीमृ,1,5.0789781096043474e-05
ंसे,5,0.0002539489054802174
िजश,2,0.00010157956219208695
िधं,4,0.0002031591243841739
ैतच,2,0.00010157956219208695
ोदग,1,5.0789781096043474e-05
ोतम,1,5.0789781096043474e-05
ितन,3,0.00015236934328813042
ीतं,2,0.00010157956219208695
िवश,5,0.0002539489054802174
ैरद,1,5.0789781096043474e-05
ूयस,1,5.0789781096043474e-05
ीका,3,0.00015236934328813042
ुदृ,1,5.0789781096043474e-05
ृढे,1,5.0789781096043474e-05
ुपम,1,5.0789781096043474e-05
ुहः,1,5.0789781096043474e-05
ीनी,1,5.0789781096043474e-05
ोशत,3,0.00015236934328813042
ंहा,2,0.00010157956219208695
ृषम,1,5.0789781096043474e-05
ंतम,1,5.0789781096043474e-05
ुसन,2,0.00010157956219208695
ासभ,2,0.00010157956219208695
ाचो,3,0.00015236934328813042
ाषस,2,0.00010157956219208695
ेकम,2,0.00010157956219208695
ोभर,2,0.00010157956219208695
ृथग,1,5.0789781096043474e-05
ूतल,1,5.0789781096043474e-05
ेदक,1,5.0789781096043474e-05
ाचस,2,0.00010157956219208695
ुदन,6,0.00030473868657626083
िबा,1,5.0789781096043474e-05
िषं,5,0.0002539489054802174
ंकि,1,5.0789781096043474e-05
ीपम,2,0.00010157956219208695
ाजक,4,0.0002031591243841739
ेजः,2,0.00010157956219208695
ःकर,1,5.0789781096043474e-05
ीतक,5,0.0002539489054802174
ौशे,8,0.0004063182487683478
ेयव,5,0.0002539489054802174
ीरय,1,5.0789781096043474e-05
ैरच,1,5.0789781096043474e-05
िणस,1,5.0789781096043474e-05
ुखौ,1,5.0789781096043474e-05
िरौ,3,0.00015236934328813042
ासश,3,0.00015236934328813042
ायद,1,5.0789781096043474e-05
ृसी,1,5.0789781096043474e-05
िलस,1,5.0789781096043474e-05
िजो,3,0.00015236934328813042
ेचय,2,0.00010157956219208695
ेचन,2,0.00010157956219208695
ुकृ,3,0.00015236934328813042
ृपो,1,5.0789781096043474e-05
िषि,1,5.0789781096043474e-05
ंशक,1,5.0789781096043474e-05
ृवं,1,5.0789781096043474e-05
ैमा,2,0.00010157956219208695
ाचक,2,0.00010157956219208695
ृवन,2,0.00010157956219208695
ृहय,1,5.0789781096043474e-05
ोदध,2,0.00010157956219208695
िमण,1,5.0789781096043474e-05
ंहं,1,5.0789781096043474e-05
ुकस,3,0.00015236934328813042
ंही,1,5.0789781096043474e-05
ाघप,1,5.0789781096043474e-05
ूटं,2,0.00010157956219208695
ृजस,1,5.0789781096043474e-05
ांह,1,5.0789781096043474e-05
ंहश,1,5.0789781096043474e-05
ौवी,1,5.0789781096043474e-05
ीसल,1,5.0789781096043474e-05
ोहय,1,5.0789781096043474e-05
िपङ,1,5.0789781096043474e-05
िडा,1,5.0789781096043474e-05
ैनत,1,5.0789781096043474e-05
ेयय,1,5.0789781096043474e-05
ुमय,1,5.0789781096043474e-05
ुकब,1,5.0789781096043474e-05
ाणप,1,5.0789781096043474e-05
िकय,1,5.0789781096043474e-05
ेपम,2,0.00010157956219208695
ृकु,1,5.0789781096043474e-05
ोषस,2,0.00010157956219208695
ेमक,1,5.0789781096043474e-05
ोरण,2,0.00010157956219208695
ीरु,10,0.0005078978109604348
ूरव,1,5.0789781096043474e-05
ूतन,5,0.0002539489054802174
ूपर,1,5.0789781096043474e-05
ूशय,1,5.0789781096043474e-05
ाषे,1,5.0789781096043474e-05
ुतौ,1,5.0789781096043474e-05
ूवत,1,5.0789781096043474e-05
ालर,2,0.00010157956219208695
ोधे,1,5.0789781096043474e-05
ाणी,1,5.0789781096043474e-05
ूढे,1,5.0789781096043474e-05
ुजम,3,0.00015236934328813042
िचु,3,0.00015236934328813042
ूरग,1,5.0789781096043474e-05
ंवन,1,5.0789781096043474e-05
िने,3,0.00015236934328813042
ःफल,1,5.0789781096043474e-05
ीभव,2,0.00010157956219208695
ंसध,1,5.0789781096043474e-05
िधप,2,0.00010157956219208695
ंसत,4,0.0002031591243841739
ैवस,2,0.00010157956219208695
ःखो,1,5.0789781096043474e-05
ुधश,1,5.0789781096043474e-05
ुरथ,2,0.00010157956219208695
ाभस,1,5.0789781096043474e-05
िहे,3,0.00015236934328813042
ाजद,1,5.0789781096043474e-05
ूते,5,0.0002539489054802174
िसक,1,5.0789781096043474e-05
ेदः,1,5.0789781096043474e-05
ृपै,3,0.00015236934328813042
ृवा,1,5.0789781096043474e-05
ेदश,1,5.0789781096043474e-05
ीरव,1,5.0789781096043474e-05
ौदू,1,5.0789781096043474e-05
िदृ,3,0.00015236934328813042
ेघय,1,5.0789781096043474e-05
ाजं,5,0.0002539489054802174
ुदण,1,5.0789781096043474e-05
ुखै,1,5.0789781096043474e-05
ूयच,1,5.0789781096043474e-05
िसद,1,5.0789781096043474e-05
ुनो,1,5.0789781096043474e-05
िरः,1,5.0789781096043474e-05
ियू,1,5.0789781096043474e-05
िषप,1,5.0789781096043474e-05
िबस,1,5.0789781096043474e-05
ुबन,3,0.00015236934328813042
िशं,6,0.00030473868657626083
ोकग,1,5.0789781096043474e-05
ंभू,1,5.0789781096043474e-05
िदद,2,0.00010157956219208695
ूढो,1,5.0789781096043474e-05
ोहो,1,5.0789781096043474e-05
ैरस,2,0.00010157956219208695
ाभव,2,0.00010157956219208695
ोथय,1,5.0789781096043474e-05
ायच,1,5.0789781096043474e-05
ारव,2,0.00010157956219208695
ेगम,2,0.00010157956219208695
ातद,2,0.00010157956219208695
िलल,4,0.0002031591243841739
ुखद,1,5.0789781096043474e-05
ःखे,2,0.00010157956219208695
ुमभ,3,0.00015236934328813042
िहं,2,0.00010157956219208695
ंगम,2,0.00010157956219208695
ोशन,6,0.00030473868657626083
ौदा,2,0.00010157956219208695
िबभ,1,5.0789781096043474e-05
ीणि,1,5.0789781096043474e-05
ीलं,3,0.00015236934328813042
ुलल,1,5.0789781096043474e-05
ाटं,1,5.0789781096043474e-05
ाभम,1,5.0789781096043474e-05
िरल,1,5.0789781096043474e-05
ाधू,2,0.00010157956219208695
ंदि,1,5.0789781096043474e-05
ौरी,1,5.0789781096043474e-05
ूपु,1,5.0789781096043474e-05
ीनज,1,5.0789781096043474e-05
ादभ,2,0.00010157956219208695
ितब,1,5.0789781096043474e-05
ेवय,1,5.0789781096043474e-05
ोतक,2,0.00010157956219208695
ेपि,2,0.00010157956219208695
ितग,1,5.0789781096043474e-05
ःखं,6,0.00030473868657626083
ुलक,2,0.00010157956219208695
ेषक,1,5.0789781096043474e-05
ुजन,1,5.0789781096043474e-05
ाभय,1,5.0789781096043474e-05
ोदन,1,5.0789781096043474e-05
िरह,10,0.0005078978109604348
ोरय,2,0.00010157956219208695
ाजः,2,0.00010157956219208695
ुनृ,1,5.0789781096043474e-05
ोशक,1,5.0789781096043474e-05
िवप,1,5.0789781096043474e-05
ोढु,1,5.0789781096043474e-05
िरण,1,5.0789781096043474e-05
ैतर,1,5.0789781096043474e-05
ौघन,1,5.0789781096043474e-05
ापप,1,5.0789781096043474e-05
ापः,1,5.0789781096043474e-05
ेपथ,2,0.00010157956219208695
ाथम,1,5.0789781096043474e-05
ेतं,1,5.0789781096043474e-05
ीमङ,1,5.0789781096043474e-05
ूढक,1,5.0789781096043474e-05
ाबह,1,5.0789781096043474e-05
ोहप,1,5.0789781096043474e-05
ायण,3,0.00015236934328813042
िदध,1,5.0789781096043474e-05
िसु,1,5.0789781096043474e-05
िंक,1,5.0789781096043474e-05
ूतप,1,5.0789781096043474e-05
ोपल,2,0.00010157956219208695
ुपन,1,5.0789781096043474e-05
ोती,1,5.0789781096043474e-05
ूयं,1,5.0789781096043474e-05
ृहं,2,0.00010157956219208695
ेगै,2,0.00010157956219208695
ीसह,2,0.00010157956219208695
ीयै,1,5.0789781096043474e-05
ाटि,2,0.00010157956219208695
ेमज,1,5.0789781096043474e-05
ुरह,1,5.0789781096043474e-05
ीने,3,0.00015236934328813042
ुवं,2,0.00010157956219208695
ागन,1,5.0789781096043474e-05
ंतु,1,5.0789781096043474e-05
ीडे,1,5.0789781096043474e-05
ोपक,1,5.0789781096043474e-05
ैवन,1,5.0789781096043474e-05
ाचश,1,5.0789781096043474e-05
ोकक,2,0.00010157956219208695
ृणम,1,5.0789781096043474e-05
ाकू,2,0.00010157956219208695
ोरर,1,5.0789781096043474e-05
ूपग,1,5.0789781096043474e-05
ोषद,1,5.0789781096043474e-05
ोषय,3,0.00015236934328813042
ीको,1,5.0789781096043474e-05
ैधव,1,5.0789781096043474e-05
ेदी,1,5.0789781096043474e-05
ीडन,1,5.0789781096043474e-05
ंसी,1,5.0789781096043474e-05
ृणष,1,5.0789781096043474e-05
ुपक,3,0.00015236934328813042
ूदा,1,5.0789781096043474e-05
ितभ,1,5.0789781096043474e-05
ीगण,1,5.0789781096043474e-05
ैना,2,0.00010157956219208695
ीवश,2,0.00010157956219208695
ाशब,1,5.0789781096043474e-05
ूपन,1,5.0789781096043474e-05
ैरो,1,5.0789781096043474e-05
ूनि,4,0.0002031591243841739
ःखभ,1,5.0789781096043474e-05
िकौ,1,5.0789781096043474e-05
ेकय,1,5.0789781096043474e-05
ःखद,1,5.0789781096043474e-05
िगा,3,0.00015236934328813042
ुसृ,1,5.0789781096043474e-05
ाही,4,0.0002031591243841739
ेहे,2,0.00010157956219208695
ुशस,1,5.0789781096043474e-05
ितच,1,5.0789781096043474e-05
ूणि,1,5.0789781096043474e-05
ीलब,1,5.0789781096043474e-05
ेयू,1,5.0789781096043474e-05
ूरध,1,5.0789781096043474e-05
ुरच,1,5.0789781096043474e-05
ेमं,1,5.0789781096043474e-05
ोटज,1,5.0789781096043474e-05
ुशं,1,5.0789781096043474e-05
ुसी,1,5.0789781096043474e-05
ीकट,1,5.0789781096043474e-05
ुनप,1,5.0789781096043474e-05
ुभो,1,5.0789781096043474e-05
ोरू,2,0.00010157956219208695
ुपग,3,0.00015236934328813042
ोको,4,0.0002031591243841739
ूफल,1,5.0789781096043474e-05
िःश,1,5.0789781096043474e-05
ःशङ,1,5.0789781096043474e-05
ोभस,1,5.0789781096043474e-05
ेयक,1,5.0789781096043474e-05
ूचि,1,5.0789781096043474e-05
ृदम,1,5.0789781096043474e-05
िभज,1,5.0789781096043474e-05
ैवे,2,0.00010157956219208695
ेयश,1,5.0789781096043474e-05
ोमल,3,0.00015236934328813042
ीडस,1,5.0789781096043474e-05
िनु,1,5.0789781096043474e-05
ीनय,3,0.00015236934328813042
ियब,1,5.0789781096043474e-05
ुटा,1,5.0789781096043474e-05
ृशौ,1,5.0789781096043474e-05
िगू,1,5.0789781096043474e-05
ुटज,1,5.0789781096043474e-05
ैति,1,5.0789781096043474e-05
िपृ,2,0.00010157956219208695
ेहर,1,5.0789781096043474e-05
ोहस,1,5.0789781096043474e-05
ियय,1,5.0789781096043474e-05
िमग,1,5.0789781096043474e-05
ुदं,2,0.00010157956219208695
ोगः,2,0.00010157956219208695
ेशभ,1,5.0789781096043474e-05
ोवश,1,5.0789781096043474e-05
ुपो,1,5.0789781096043474e-05
ातह,1,5.0789781096043474e-05
ेयद,1,5.0789781096043474e-05
िपक,1,5.0789781096043474e-05
ैऋत,1,5.0789781096043474e-05
िभृ,1,5.0789781096043474e-05
ंसय,2,0.00010157956219208695
ीभू,1,5.0789781096043474e-05
ृणद,1,5.0789781096043474e-05
िमय,1,5.0789781096043474e-05
ीयव,3,0.00015236934328813042
ोरक,1,5.0789781096043474e-05
ाभी,1,5.0789781096043474e-05
ीशु,1,5.0789781096043474e-05
ुहस,1,5.0789781096043474e-05
ीषम,1,5.0789781096043474e-05
ेरत,1,5.0789781096043474e-05
ाणज,2,0.00010157956219208695
ुमल,3,0.00015236934328813042
ीहे,1,5.0789781096043474e-05
ोषप,1,5.0789781096043474e-05
ुरञ,1,5.0789781096043474e-05
ंती,1,5.0789781096043474e-05
ायौ,1,5.0789781096043474e-05
ोरः,1,5.0789781096043474e-05
ैकस,1,5.0789781096043474e-05
ृदव,1,5.0789781096043474e-05
ीले,1,5.0789781096043474e-05
ेमप,1,5.0789781096043474e-05
िमै,1,5.0789781096043474e-05
ीडय,2,0.00010157956219208695
ःखम,1,5.0789781096043474e-05
ूमे,1,5.0789781096043474e-05
ूये,1,5.0789781096043474e-05
ृहस,1,5.0789781096043474e-05
ृषभ,3,0.00015236934328813042
िषत,1,5.0789781096043474e-05
ोषध,1,5.0789781096043474e-05
िजः,1,5.0789781096043474e-05
ेदप,1,5.0789781096043474e-05
ेदद,1,5.0789781096043474e-05
ांप,1,5.0789781096043474e-05
ंपत,1,5.0789781096043474e-05
ृवय,1,5.0789781096043474e-05
ाबु,1,5.0789781096043474e-05
ुधत,1,5.0789781096043474e-05
ूढस,1,5.0789781096043474e-05
ूही,1,5.0789781096043474e-05
ुमच,1,5.0789781096043474e-05
ेकव,1,5.0789781096043474e-05
ाथं,1,5.0789781096043474e-05
ोही,1,5.0789781096043474e-05
ीनन,1,5.0789781096043474e-05
ाकौ,1,5.0789781096043474e-05
ेघघ,2,0.00010157956219208695
ुषत,1,5.0789781096043474e-05
ूटे,1,5.0789781096043474e-05
ेषम,1,5.0789781096043474e-05
िसू,1,5.0789781096043474e-05
ंजज,1,5.0789781096043474e-05
ंवे,1,5.0789781096043474e-05
ोमभ,1,5.0789781096043474e-05
ाटस,1,5.0789781096043474e-05
ेलि,1,5.0789781096043474e-05
ोरौ,1,5.0789781096043474e-05
ोशम,1,5.0789781096043474e-05
ुलौ,1,5.0789781096043474e-05
ृढध,1,5.0789781096043474e-05
ोवप,1,5.0789781096043474e-05
ूतब,1,5.0789781096043474e-05
ीमच,1,5.0789781096043474e-05
िलभ,1,5.0789781096043474e-05
ोषः,1,5.0789781096043474e-05
ाखड,1,5.0789781096043474e-05
ाणच,1,5.0789781096043474e-05
ृढस,1,5.0789781096043474e-05
ियर,1,5.0789781096043474e-05
ोपन,1,5.0789781096043474e-05
ारभ,1,5.0789781096043474e-05
ालज,1,5.0789781096043474e-05
ंसद,1,5.0789781096043474e-05
ेशत,1,5.0789781096043474e-05
ुमस,1,5.0789781096043474e-05
ारः,2,0.00010157956219208695
ीदि,1,5.0789781096043474e-05
ुपै,1,5.0789781096043474e-05
ेहन,1,5.0789781096043474e-05
ौतु,1,5.0789781096043474e-05
िसस,1,5.0789781096043474e-05
ागग,1,5.0789781096043474e-05
िमह,1,5.0789781096043474e-05
ूके,1,5.0789781096043474e-05
ूपी,1,5.0789781096043474e-05
ामट,1,5.0789781096043474e-05
ौरस,1,5.0789781096043474e-05
िषः,1,5.0789781096043474e-05
ैपु,1,5.0789781096043474e-05
ादध,1,5.0789781096043474e-05
ेकि,1,5.0789781096043474e-05
िदस,1,5.0789781096043474e-05
ेषय,1,5.0789781096043474e-05
ुशृ,1,5.0789781096043474e-05
ोधत,1,5.0789781096043474e-05
ागव,2,0.00010157956219208695
िभद,1,5.0789781096043474e-05
ैवल,1,5.0789781096043474e-05
ालू,1,5.0789781096043474e-05
िलग,1,5.0789781096043474e-05
ेकक,1,5.0789781096043474e-05
िकस,1,5.0789781096043474e-05
ांद,1,5.0789781096043474e-05
ेदब,2,0.00010157956219208695
ूकश,1,5.0789781096043474e-05
ोहण,1,5.0789781096043474e-05
ीडत,1,5.0789781096043474e-05
ृथक,1,5.0789781096043474e-05
ेघव,1,5.0789781096043474e-05
ीलक,1,5.0789781096043474e-05
ूनप,1,5.0789781096043474e-05
ाभः,1,5.0789781096043474e-05
ूचत,1,5.0789781096043474e-05
ीतौ,1,5.0789781096043474e-05
ेहः,1,5.0789781096043474e-05
ृवर,1,5.0789781096043474e-05
ुपत,1,5.0789781096043474e-05
ीमभ,1,5.0789781096043474e-05
ेयत,1,5.0789781096043474e-05
िणि,1,5.0789781096043474e-05
ंदर,1,5.0789781096043474e-05
ेवव,1,5.0789781096043474e-05
ूढा,1,5.0789781096043474e-05
ुहव,1,5.0789781096043474e-05
ुवद,1,5.0789781096043474e-05
ेकै,1,5.0789781096043474e-05
ेवक,1,5.0789781096043474e-05
ैःक,1,5.0789781096043474e-05
ःकु,1,5.0789781096043474e-05
ुवल,2,0.00010157956219208695
ोतव,1,5.0789781096043474e-05
ेबर,1,5.0789781096043474e-05
ेपन,1,5.0789781096043474e-05
ूको,1,5.0789781096043474e-05
िभय,1,5.0789781096043474e-05
ौगन,3,0.00015236934328813042
ुदम,1,5.0789781096043474e-05
ाटै,1,5.0789781096043474e-05
ुथा,1,5.0789781096043474e-05
ीजप,1,5.0789781096043474e-05
ीकु,1,5.0789781096043474e-05
ुषप,1,5.0789781096043474e-05
ुलद,1,5.0789781096043474e-05
ोयष,1,5.0789781096043474e-05
ुनक,1,5.0789781096043474e-05
ुनै,1,5.0789781096043474e-05
ौघस,1,5.0789781096043474e-05
ुमण,1,5.0789781096043474e-05
ोना,1,5.0789781096043474e-05
ेकन,1,5.0789781096043474e-05
